date,pattern_a_channel_1,pattern_a_channel_2,pattern_b_channel_1,pattern_b_channel_2,episode_starts
8/19/2016 4:00,167,0,0,20,185
8/20/2016 4:00,781,0,0,206,956
8/21/2016 4:00,605,0,0,164,744
8/22/2016 4:00,217,0,0,26,242
8/23/2016 4:00,125,0,0,14,139
8/24/2016 4:00,245,0,0,108,348
8/25/2016 4:00,97,0,0,67,161
8/26/2016 4:00,126,0,0,120,237
8/27/2016 4:00,111,0,0,353,453
8/28/2016 4:00,110,0,0,188,291
8/29/2016 4:00,73,0,0,138,208
8/30/2016 4:00,48,0,0,114,161
8/31/2016 4:00,42,0,0,52,93
9/1/2016 4:00,141,0,0,37,175
9/2/2016 4:00,427,0,0,29,453
9/3/2016 4:00,561,0,0,26,584
9/4/2016 4:00,455,0,0,39,491
9/5/2016 4:00,338,0,0,34,370
9/6/2016 4:00,470,0,0,179,632
9/7/2016 4:00,354,0,0,251,592
9/8/2016 4:00,160,0,0,139,293
9/9/2016 4:00,151,0,0,74,222
9/10/2016 4:00,188,0,0,133,314
9/11/2016 4:00,156,0,0,48,201
9/12/2016 4:00,109,0,0,41,148
9/13/2016 4:00,75,0,0,84,156
9/14/2016 4:00,153,0,0,154,303
9/15/2016 4:00,191,0,0,145,333
9/16/2016 4:00,162,0,0,157,316
9/17/2016 4:00,406,0,0,71,469
9/18/2016 4:00,371,0,0,129,495
9/19/2016 4:00,97,0,0,148,243
9/20/2016 4:00,427,0,0,165,587
9/21/2016 4:00,389,0,0,195,573
9/22/2016 4:00,329,0,0,87,409
9/23/2016 4:00,277,0,0,147,415
9/24/2016 4:00,277,0,0,85,350
9/25/2016 4:00,262,0,0,97,354
9/26/2016 4:00,299,0,0,53,349
9/27/2016 4:00,347,0,0,282,615
9/28/2016 4:00,326,0,0,217,527
9/29/2016 4:00,309,0,0,683,967
9/30/2016 4:00,235,0,0,767,975
10/1/2016 4:00,410,0,0,1072,1424
10/2/2016 4:00,845,0,0,1021,1784
10/3/2016 4:00,965,0,0,969,1852
10/4/2016 4:00,668,0,0,998,1599
10/5/2016 4:00,448,0,0,1085,1478
10/6/2016 4:00,331,0,0,914,1218
10/7/2016 4:00,155,0,0,321,470
10/8/2016 4:00,45,0,0,115,160
10/9/2016 4:00,35,0,0,208,243
10/10/2016 4:00,19,0,0,241,258
10/11/2016 4:00,21,0,0,409,429
10/12/2016 4:00,28,0,0,515,541
10/13/2016 4:00,20,0,0,591,609
10/14/2016 4:00,16,0,0,231,247
10/15/2016 4:00,12,0,0,232,244
10/16/2016 4:00,18,0,0,357,375
10/17/2016 4:00,126,0,0,724,835
10/18/2016 4:00,14,0,0,183,197
10/19/2016 4:00,69,0,0,368,437
10/20/2016 4:00,62,0,0,691,753
10/21/2016 4:00,28,0,0,124,152
10/22/2016 4:00,46,0,0,151,195
10/23/2016 4:00,70,0,0,240,308
10/24/2016 4:00,620,0,0,1466,2011
10/25/2016 4:00,395,0,0,542,903
10/26/2016 4:00,423,0,0,683,1067
10/27/2016 4:00,138,0,0,154,286
10/28/2016 4:00,98,0,0,440,532
10/29/2016 4:00,53,0,0,138,188
10/30/2016 4:00,84,0,0,364,445
10/31/2016 4:00,177,0,0,607,772
11/1/2016 4:00,182,0,0,354,526
11/2/2016 4:00,448,0,0,1056,1455
11/3/2016 4:00,94,0,0,502,590
11/4/2016 4:00,337,0,0,796,1108
11/5/2016 4:00,582,0,0,1225,1731
11/6/2016 4:00,746,0,0,1069,1723
11/7/2016 5:00,300,0,0,450,738
11/8/2016 5:00,900,0,0,1290,2066
11/9/2016 5:00,369,0,0,479,826
11/10/2016 5:00,436,0,0,581,985
11/11/2016 5:00,259,0,0,260,506
11/12/2016 5:00,61,0,0,50,111
11/13/2016 5:00,149,0,0,64,212
11/14/2016 5:00,219,0,0,69,283
11/15/2016 5:00,263,0,0,275,526
11/16/2016 5:00,340,0,0,64,398
11/17/2016 5:00,926,0,0,312,1190
11/18/2016 5:00,1284,0,0,468,1679
11/19/2016 5:00,1081,0,0,641,1651
11/20/2016 5:00,1585,0,0,849,2314
11/21/2016 5:00,1433,0,0,1028,2323
11/22/2016 5:00,1084,0,0,998,1977
11/23/2016 5:00,785,0,0,921,1642
11/24/2016 5:00,422,0,0,588,987
11/25/2016 5:00,340,0,0,446,774
11/26/2016 5:00,347,0,0,678,1002
11/27/2016 5:00,485,0,0,553,1012
11/28/2016 5:00,358,0,0,631,965
11/29/2016 5:00,248,0,0,654,882
11/30/2016 5:00,172,0,0,412,575
12/1/2016 5:00,202,0,0,308,500
12/2/2016 5:00,139,0,0,299,428
12/3/2016 5:00,123,0,0,194,314
12/4/2016 5:00,108,0,0,340,445
12/5/2016 5:00,38,0,0,181,216
12/6/2016 5:00,45,0,0,96,141
12/7/2016 5:00,30,0,0,40,70
12/8/2016 5:00,19,0,0,33,52
12/9/2016 5:00,27,0,0,44,71
12/10/2016 5:00,13,0,0,17,30
12/11/2016 5:00,82,0,0,19,101
12/12/2016 5:00,175,0,0,14,189
12/13/2016 5:00,524,0,0,11,535
12/14/2016 5:00,1188,0,0,9,1197
12/15/2016 5:00,421,0,0,8,428
12/16/2016 5:00,346,0,0,9,354
12/17/2016 5:00,291,0,0,12,303
12/18/2016 5:00,308,0,0,13,321
12/19/2016 5:00,315,0,0,8,323
12/20/2016 5:00,317,0,0,19,335
12/21/2016 5:00,238,0,0,32,270
12/22/2016 5:00,241,0,0,45,282
12/23/2016 5:00,314,0,0,97,407
12/24/2016 5:00,318,0,0,117,431
12/25/2016 5:00,302,0,0,79,374
12/26/2016 5:00,441,0,0,269,699
12/27/2016 5:00,277,0,0,190,458
12/28/2016 5:00,402,0,0,167,560
12/29/2016 5:00,372,0,0,124,490
12/30/2016 5:00,397,0,0,82,469
12/31/2016 5:00,448,0,0,156,596
1/1/2017 5:00,213,0,0,203,413
1/2/2017 5:00,105,0,0,452,551
1/3/2017 5:00,298,0,0,1344,1598
1/4/2017 5:00,484,0,0,1320,1737
1/5/2017 5:00,559,0,0,729,1236
1/6/2017 5:00,431,0,0,186,599
1/7/2017 5:00,818,0,0,184,986
1/8/2017 5:00,1099,0,0,176,1256
1/9/2017 5:00,824,0,0,134,945
1/10/2017 5:00,875,0,0,136,993
1/11/2017 5:00,395,0,0,56,447
1/12/2017 5:00,837,0,0,324,1116
1/13/2017 5:00,813,0,0,483,1247
1/14/2017 5:00,424,0,0,593,996
1/15/2017 5:00,369,0,0,472,814
1/16/2017 5:00,201,0,0,191,385
1/17/2017 5:00,361,0,0,283,634
1/18/2017 5:00,854,0,0,257,1087
1/19/2017 5:00,458,0,0,183,638
1/20/2017 5:00,152,0,0,72,222
1/21/2017 5:00,677,0,0,104,769
1/22/2017 5:00,811,0,0,103,902
1/23/2017 5:00,675,0,0,96,763
1/24/2017 5:00,718,0,0,176,881
1/25/2017 5:00,430,0,0,538,945
1/26/2017 5:00,927,0,0,1330,2126
1/27/2017 5:00,580,0,0,902,1428
1/28/2017 5:00,311,0,0,443,733
1/29/2017 5:00,327,0,0,383,687
1/30/2017 5:00,824,0,0,406,1198
1/31/2017 5:00,644,0,0,244,870
2/1/2017 5:00,201,0,0,80,276
2/2/2017 5:00,202,0,0,99,300
2/3/2017 5:00,141,0,0,56,196
2/4/2017 5:00,238,0,0,49,283
2/5/2017 5:00,446,0,0,33,477
2/6/2017 5:00,642,0,0,56,689
2/7/2017 5:00,680,0,0,36,713
2/8/2017 5:00,260,0,0,18,277
2/9/2017 5:00,291,0,0,24,313
2/10/2017 5:00,256,0,0,25,280
2/11/2017 5:00,375,0,0,38,410
2/12/2017 5:00,363,0,0,321,660
2/13/2017 5:00,367,0,0,318,674
2/14/2017 5:00,425,0,0,311,728
2/15/2017 5:00,312,0,0,239,545
2/16/2017 5:00,377,0,0,349,706
2/17/2017 5:00,202,0,0,125,323
2/18/2017 5:00,591,0,0,138,716
2/19/2017 5:00,565,0,0,78,638
2/20/2017 5:00,1242,0,0,74,1308
2/21/2017 5:00,2730,0,0,92,2800
2/22/2017 5:00,1122,0,0,67,1180
2/23/2017 5:00,1070,0,0,159,1208
2/24/2017 5:00,987,0,0,168,1132
2/25/2017 5:00,192,0,0,228,418
2/26/2017 5:00,309,0,0,1647,1903
2/27/2017 5:00,242,0,0,1019,1209
2/28/2017 5:00,113,0,0,674,781
3/1/2017 5:00,139,0,0,353,484
3/2/2017 5:00,99,0,0,273,367
3/3/2017 5:00,104,0,0,232,329
3/4/2017 5:00,104,0,0,169,269
3/5/2017 5:00,39,0,0,118,156
3/6/2017 5:00,62,0,0,97,158
3/7/2017 5:00,49,0,0,102,151
3/8/2017 5:00,51,0,0,605,655
3/9/2017 5:00,31,0,0,1009,1038
3/10/2017 5:00,154,0,0,2083,2206
3/11/2017 5:00,309,0,0,1389,1657
3/12/2017 5:00,631,0,0,1087,1637
3/13/2017 4:00,1771,0,0,1247,2801
3/14/2017 4:00,985,0,0,1061,1925
3/15/2017 4:00,514,0,0,447,929
3/16/2017 4:00,478,0,0,506,955
3/17/2017 4:00,480,0,0,436,894
3/18/2017 4:00,591,0,0,357,917
3/19/2017 4:00,1326,0,0,810,2013
3/20/2017 4:00,744,0,0,835,1466
3/21/2017 4:00,641,0,0,601,1193
3/22/2017 4:00,541,0,0,493,995
3/23/2017 4:00,410,0,0,331,722
3/24/2017 4:00,969,0,0,383,1300
3/25/2017 4:00,751,0,0,176,912
3/26/2017 4:00,684,0,0,194,855
3/27/2017 4:00,1393,0,0,210,1584
3/28/2017 4:00,1362,0,0,203,1531
3/29/2017 4:00,849,0,0,190,1021
3/30/2017 4:00,1055,0,0,148,1181
3/31/2017 4:00,1326,0,0,138,1440
4/1/2017 4:00,762,0,0,111,863
4/2/2017 4:00,312,0,0,72,377
4/3/2017 4:00,305,0,0,84,381
4/4/2017 4:00,644,0,0,179,811
4/5/2017 4:00,681,0,0,89,758
4/6/2017 4:00,630,0,0,134,755
4/7/2017 4:00,455,0,0,78,523
4/8/2017 4:00,727,0,0,89,807
4/9/2017 4:00,947,0,0,226,1142
4/10/2017 4:00,589,0,0,452,1000
4/11/2017 4:00,859,0,0,748,1521
4/12/2017 4:00,401,0,0,491,856
4/13/2017 4:00,429,0,0,919,1295
4/14/2017 4:00,256,0,0,687,914
4/15/2017 4:00,264,0,0,585,824
4/16/2017 4:00,490,0,0,617,1061
4/17/2017 4:00,1223,0,0,1299,2349
4/18/2017 4:00,1626,0,0,1616,2945
4/19/2017 4:00,1095,0,0,1013,1992
4/20/2017 4:00,631,0,0,998,1556
4/21/2017 4:00,462,0,0,1153,1554
4/22/2017 4:00,424,0,0,741,1104
4/23/2017 4:00,363,0,0,572,899
4/24/2017 4:00,192,0,0,323,507
4/25/2017 4:00,222,0,0,334,543
4/26/2017 4:00,127,0,0,168,289
4/27/2017 4:00,158,0,0,512,656
4/28/2017 4:00,272,0,0,1221,1457
4/29/2017 4:00,615,0,0,2065,2550
4/30/2017 4:00,1299,0,0,2067,3110
5/1/2017 4:00,1229,0,0,1510,2532
5/2/2017 4:00,662,0,0,1084,1659
5/3/2017 4:00,370,0,0,684,1008
5/4/2017 4:00,567,0,0,447,966
5/5/2017 4:00,839,0,0,422,1213
5/6/2017 4:00,846,0,0,428,1232
5/7/2017 4:00,1357,0,0,470,1748
5/8/2017 4:00,1665,0,0,978,2481
5/9/2017 4:00,554,0,0,971,1434
5/10/2017 4:00,536,0,0,839,1302
5/11/2017 4:00,473,0,0,723,1147
5/12/2017 4:00,342,0,0,409,729
5/13/2017 4:00,731,0,0,538,1211
5/14/2017 4:00,610,0,0,405,984
5/15/2017 4:00,274,0,0,239,502
5/16/2017 4:00,189,0,0,131,316
5/17/2017 4:00,504,0,0,190,676
5/18/2017 4:00,568,0,0,104,663
5/19/2017 4:00,476,0,0,68,537
5/20/2017 4:00,242,0,0,25,267
5/21/2017 4:00,160,0,0,29,187
5/22/2017 4:00,154,0,0,24,176
5/23/2017 4:00,122,0,0,15,136
5/24/2017 4:00,518,0,0,34,550
5/25/2017 4:00,1393,0,0,120,1500
5/26/2017 4:00,2049,0,0,230,2226
5/27/2017 4:00,635,0,0,149,769
5/28/2017 4:00,204,0,0,107,306
5/29/2017 4:00,168,0,0,139,301
5/30/2017 4:00,249,0,0,310,547
5/31/2017 4:00,149,0,0,556,697
6/1/2017 4:00,209,0,0,1031,1215
6/2/2017 4:00,108,0,0,606,710
6/3/2017 4:00,99,0,0,883,971
6/4/2017 4:00,93,0,0,1382,1459
6/5/2017 4:00,86,0,0,1459,1529
6/6/2017 4:00,97,0,0,1880,1968
6/7/2017 4:00,77,0,0,742,809
6/8/2017 4:00,281,0,0,1175,1414
6/9/2017 4:00,396,0,0,1166,1511
6/10/2017 4:00,619,0,0,2164,2658
6/11/2017 4:00,226,0,0,1460,1646
6/12/2017 4:00,525,0,0,2248,2659
6/13/2017 4:00,1359,0,0,3434,4322
6/14/2017 4:00,849,0,0,1748,2440
6/15/2017 4:00,545,0,0,1144,1615
6/16/2017 4:00,965,0,0,1025,1875
6/17/2017 4:00,583,0,0,419,962
6/18/2017 4:00,878,0,0,422,1244
6/19/2017 4:00,1511,0,0,512,1945
6/20/2017 4:00,1206,0,0,316,1479
6/21/2017 4:00,877,0,0,321,1172
6/22/2017 4:00,845,0,0,355,1167
6/23/2017 4:00,644,0,0,399,1016
6/24/2017 4:00,608,0,0,514,1078
6/25/2017 4:00,311,0,0,209,511
6/26/2017 4:00,261,0,0,175,431
6/27/2017 4:00,168,0,0,155,318
6/28/2017 4:00,90,0,0,83,171
6/29/2017 4:00,102,0,0,89,188
6/30/2017 4:00,73,0,0,88,160
7/1/2017 4:00,66,0,0,85,150
7/2/2017 4:00,86,0,0,103,189
7/3/2017 4:00,82,0,0,133,214
7/4/2017 4:00,205,0,0,208,411
7/5/2017 4:00,411,0,0,150,553
7/6/2017 4:00,1096,0,0,215,1287
7/7/2017 4:00,833,0,0,263,1072
7/8/2017 4:00,375,0,0,206,573
7/9/2017 4:00,333,0,0,182,503
7/10/2017 4:00,478,0,0,333,792
7/11/2017 4:00,355,0,0,252,600
7/12/2017 4:00,260,0,0,133,388
7/13/2017 4:00,128,0,0,93,217
7/14/2017 4:00,231,0,0,269,492
7/15/2017 4:00,216,0,0,104,318
7/16/2017 4:00,332,0,0,133,460
7/17/2017 4:00,315,0,0,263,569
7/18/2017 4:00,246,0,0,234,471
7/19/2017 4:00,178,0,0,176,348
7/20/2017 4:00,149,0,0,167,311
7/21/2017 4:00,184,0,0,194,373
7/22/2017 4:00,431,0,0,548,946
7/23/2017 4:00,681,0,0,573,1218
7/24/2017 4:00,970,0,0,1084,1940
7/25/2017 4:00,1119,0,0,1019,2019
7/26/2017 4:00,875,0,0,1639,2385
7/27/2017 4:00,690,0,0,1544,2100
7/28/2017 4:00,123,0,0,212,330
7/29/2017 4:00,45,0,0,40,85
7/30/2017 4:00,92,0,0,72,162
7/31/2017 4:00,103,0,0,58,161
8/1/2017 4:00,312,0,0,87,393
8/2/2017 4:00,1566,0,0,86,1645
8/3/2017 4:00,1972,0,0,64,2023
8/4/2017 4:00,1581,0,0,89,1651
8/5/2017 4:00,966,0,0,136,1079
8/6/2017 4:00,655,0,0,159,804
8/7/2017 4:00,663,0,0,429,1060
8/8/2017 4:00,815,0,0,811,1574
8/9/2017 4:00,515,0,0,466,957
8/10/2017 4:00,445,0,0,973,1371
8/11/2017 4:00,440,0,0,1503,1864
8/12/2017 4:00,368,0,0,2000,2295
8/13/2017 4:00,271,0,0,2495,2690
8/14/2017 4:00,201,0,0,1659,1827
8/15/2017 4:00,198,0,0,1215,1382
8/16/2017 4:00,149,0,0,985,1113
8/17/2017 4:00,112,0,0,467,568
8/18/2017 4:00,77,0,0,262,337
8/19/2017 4:00,82,0,0,231,308
8/20/2017 4:00,115,0,0,218,329
8/21/2017 4:00,79,0,0,113,191
8/22/2017 4:00,91,0,0,126,216
8/23/2017 4:00,126,0,0,118,242
8/24/2017 4:00,120,0,0,148,265
8/25/2017 4:00,100,0,0,171,268
8/26/2017 4:00,1438,0,0,438,1821
8/27/2017 4:00,1722,0,0,884,2411
8/28/2017 4:00,735,0,0,433,1114
8/29/2017 4:00,465,0,0,312,759
8/30/2017 4:00,254,0,0,189,437
8/31/2017 4:00,185,0,0,202,380
9/1/2017 4:00,124,0,0,99,222
9/2/2017 4:00,171,0,0,176,342
9/3/2017 4:00,141,0,0,140,277
9/4/2017 4:00,169,0,0,128,292
9/5/2017 4:00,82,0,0,122,203
9/6/2017 4:00,101,0,0,139,236
9/7/2017 4:00,47,0,0,35,82
9/8/2017 4:00,18,0,0,23,41
9/9/2017 4:00,4,0,0,4,8
9/10/2017 4:00,15,0,0,7,22
9/11/2017 4:00,14,0,0,12,26
9/12/2017 4:00,50,0,0,40,89
9/13/2017 4:00,27,0,0,50,77
9/14/2017 4:00,85,0,0,118,201
9/15/2017 4:00,350,0,0,293,627
9/16/2017 4:00,280,0,0,310,577
9/17/2017 4:00,815,0,0,442,1218
9/18/2017 4:00,1084,0,0,484,1508
9/19/2017 4:00,512,0,0,330,827
9/20/2017 4:00,201,0,0,329,521
9/21/2017 4:00,752,0,0,518,1225
9/22/2017 4:00,368,0,0,344,697
9/23/2017 4:00,494,0,0,283,763
9/24/2017 4:00,577,0,0,442,983
9/25/2017 4:00,436,0,0,170,591
9/26/2017 4:00,410,0,0,246,645
9/27/2017 4:00,257,0,0,205,446
9/28/2017 4:00,247,0,0,282,522
9/29/2017 4:00,187,0,0,187,368
9/30/2017 4:00,141,0,0,177,315
10/1/2017 4:00,249,0,0,398,632
10/2/2017 4:00,136,0,0,185,320
10/3/2017 4:00,70,0,0,121,188
10/4/2017 4:00,95,0,0,132,224
10/5/2017 4:00,95,0,0,232,323
10/6/2017 4:00,62,0,0,103,162
10/7/2017 4:00,95,0,0,135,229
10/8/2017 4:00,321,0,0,286,595
10/9/2017 4:00,287,0,0,182,464
10/10/2017 4:00,248,0,0,145,388
10/11/2017 4:00,503,0,0,185,678
10/12/2017 4:00,1127,0,0,275,1377
10/13/2017 4:00,1146,0,0,85,1224
10/14/2017 4:00,301,0,0,49,346
10/15/2017 4:00,219,0,0,134,346
10/16/2017 4:00,269,0,0,380,635
10/17/2017 4:00,221,0,0,656,862
10/18/2017 4:00,213,0,0,660,857
10/19/2017 4:00,202,0,0,583,765
10/20/2017 4:00,97,0,0,328,416
10/21/2017 4:00,149,0,0,530,668
10/22/2017 4:00,137,0,0,942,1064
10/23/2017 4:00,193,0,0,1247,1404
10/24/2017 4:00,123,0,0,1343,1439
10/25/2017 4:00,634,0,0,478,1074
10/26/2017 4:00,614,0,0,468,1042
10/27/2017 4:00,785,0,0,409,1151
10/28/2017 4:00,801,0,0,299,1064
10/29/2017 4:00,695,0,0,313,979
10/30/2017 4:00,389,0,0,213,585
10/31/2017 4:00,128,0,0,132,257
11/1/2017 4:00,264,0,0,207,460
11/2/2017 4:00,61,0,0,96,152
11/3/2017 4:00,99,0,0,115,207
11/4/2017 4:00,183,0,0,345,520
11/5/2017 4:00,86,0,0,679,753
11/6/2017 5:00,41,0,0,497,534
11/7/2017 5:00,57,0,0,506,554
11/8/2017 5:00,58,0,0,368,421
11/9/2017 5:00,57,0,0,277,330
11/10/2017 5:00,92,0,0,290,374
11/11/2017 5:00,61,0,0,201,260
11/12/2017 5:00,57,0,0,242,295
11/13/2017 5:00,66,0,0,234,293
11/14/2017 5:00,637,0,0,254,869
11/15/2017 5:00,432,0,0,155,575
11/16/2017 5:00,575,0,0,180,738
11/17/2017 5:00,281,0,0,118,392
11/18/2017 5:00,298,0,0,165,452
11/19/2017 5:00,241,0,0,172,405
11/20/2017 5:00,227,0,0,217,434
11/21/2017 5:00,149,0,0,206,345
11/22/2017 5:00,230,0,0,793,984
11/23/2017 5:00,189,0,0,1033,1196
11/24/2017 5:00,368,0,0,597,932
11/25/2017 5:00,283,0,0,402,664
11/26/2017 5:00,230,0,0,353,575
11/27/2017 5:00,870,0,0,485,1312
11/28/2017 5:00,928,0,0,571,1437
11/29/2017 5:00,713,0,0,207,901
11/30/2017 5:00,579,0,0,179,746
12/1/2017 5:00,1132,0,0,362,1435
12/2/2017 5:00,1775,0,0,458,2146
12/3/2017 5:00,1120,0,0,255,1342
12/4/2017 5:00,487,0,0,135,613
12/5/2017 5:00,309,0,0,122,422
12/6/2017 5:00,557,0,0,181,732
12/7/2017 5:00,811,0,0,127,919
12/8/2017 5:00,753,0,0,113,857
12/9/2017 5:00,999,0,0,159,1143
12/10/2017 5:00,1110,0,0,196,1274
12/11/2017 5:00,1334,0,0,160,1463
12/12/2017 5:00,570,0,0,71,635
12/13/2017 5:00,1274,0,0,155,1404
12/14/2017 5:00,810,0,0,139,930
12/15/2017 5:00,775,0,0,192,946
12/16/2017 5:00,657,0,0,243,868
12/17/2017 5:00,386,0,0,346,716
12/18/2017 5:00,363,0,0,333,683
12/19/2017 5:00,234,0,0,179,406
12/20/2017 5:00,240,0,0,219,452
12/21/2017 5:00,220,0,0,222,432
12/22/2017 5:00,224,0,0,196,409
12/23/2017 5:00,441,0,0,150,577
12/24/2017 5:00,563,0,0,149,696
12/25/2017 5:00,2018,0,0,377,2304
12/26/2017 5:00,3169,0,0,992,3835
12/27/2017 5:00,1027,0,0,649,1576
12/28/2017 5:00,501,0,0,586,1047
12/29/2017 5:00,387,0,0,694,1038
12/30/2017 5:00,207,0,0,435,619
12/31/2017 5:00,167,0,0,397,549
1/1/2018 5:00,237,0,0,540,742
1/2/2018 5:00,406,0,0,2452,2744
1/3/2018 5:00,341,0,0,2713,2971
1/4/2018 5:00,482,0,0,2190,2544
1/5/2018 5:00,840,0,0,1416,2103
1/6/2018 5:00,754,0,0,509,1198
1/7/2018 5:00,666,0,0,405,1031
1/8/2018 5:00,712,0,0,622,1248
1/9/2018 5:00,423,0,0,396,787
1/10/2018 5:00,908,0,0,636,1477
1/11/2018 5:00,2157,0,0,1037,2971
1/12/2018 5:00,2863,0,0,1305,3808
1/13/2018 5:00,1418,0,0,807,2065
1/14/2018 5:00,898,0,0,775,1572
1/15/2018 5:00,514,0,0,661,1114
1/16/2018 5:00,315,0,0,614,905
1/17/2018 5:00,333,0,0,2302,2553
1/18/2018 5:00,292,0,0,2671,2875
1/19/2018 5:00,222,0,0,1522,1686
1/20/2018 5:00,304,0,0,1712,1961
1/21/2018 5:00,561,0,0,1655,2091
1/22/2018 5:00,1121,0,0,1504,2423
1/23/2018 5:00,1322,0,0,2510,3500
1/24/2018 5:00,819,0,0,1143,1836
1/25/2018 5:00,1082,0,0,1437,2353
1/26/2018 5:00,814,0,0,1556,2243
1/27/2018 5:00,544,0,0,1397,1810
1/28/2018 5:00,347,0,0,519,836
1/29/2018 5:00,459,0,0,480,901
1/30/2018 5:00,251,0,0,192,429
1/31/2018 5:00,352,0,0,305,624
2/1/2018 5:00,230,0,0,177,398
2/2/2018 5:00,204,0,0,141,335
2/3/2018 5:00,354,0,0,226,568
2/4/2018 5:00,764,0,0,534,1239
2/5/2018 5:00,660,0,0,713,1298
2/6/2018 5:00,489,0,0,551,996
2/7/2018 5:00,651,0,0,769,1327
2/8/2018 5:00,932,0,0,326,1169
2/9/2018 5:00,1341,0,0,533,1730
2/10/2018 5:00,893,0,0,384,1207
2/11/2018 5:00,1792,0,0,382,2064
2/12/2018 5:00,2585,0,0,418,2828
2/13/2018 5:00,1842,0,0,1333,2890
2/14/2018 5:00,1817,0,0,1500,2975
2/15/2018 5:00,1233,0,0,1030,2070
2/16/2018 5:00,562,0,0,542,1032
2/17/2018 5:00,330,0,0,303,614
2/18/2018 5:00,229,0,0,342,558
2/19/2018 5:00,357,0,0,746,1073
2/20/2018 5:00,213,0,0,1617,1788
2/21/2018 5:00,150,0,0,1225,1340
2/22/2018 5:00,135,0,0,1191,1295
2/23/2018 5:00,139,0,0,1082,1188
2/24/2018 5:00,329,0,0,1677,1928
2/25/2018 5:00,253,0,0,803,1015
2/26/2018 5:00,167,0,0,1883,2000
2/27/2018 5:00,401,0,0,1496,1811
2/28/2018 5:00,1032,0,0,1081,1965
3/1/2018 5:00,2134,0,0,1335,3046
3/2/2018 5:00,1232,0,0,1182,2162
3/3/2018 5:00,735,0,0,865,1508
3/4/2018 5:00,546,0,0,897,1359
3/5/2018 5:00,1463,0,0,2441,3517
3/6/2018 5:00,2479,0,0,2810,4571
3/7/2018 5:00,2208,0,0,2345,4017
3/8/2018 5:00,1500,0,0,1463,2715
3/9/2018 5:00,1132,0,0,2444,3296
3/10/2018 5:00,1037,0,0,1792,2618
3/11/2018 5:00,1378,0,0,1001,2220
3/12/2018 4:00,1595,0,0,2442,3651
3/13/2018 4:00,776,0,0,1536,2132
3/14/2018 4:00,701,0,0,576,1197
3/15/2018 4:00,404,0,0,104,499
3/16/2018 4:00,555,0,0,221,741
3/17/2018 4:00,454,0,0,169,605
3/18/2018 4:00,741,0,0,113,842
3/19/2018 4:00,1530,0,0,77,1588
3/20/2018 4:00,2351,0,0,110,2423
3/21/2018 4:00,2576,0,0,116,2652
3/22/2018 4:00,1602,0,0,101,1679
3/23/2018 4:00,1119,0,0,135,1222
3/24/2018 4:00,217,0,0,25,242
3/25/2018 4:00,274,0,0,63,333
3/26/2018 4:00,305,0,0,111,412
3/27/2018 4:00,154,0,0,98,247
3/28/2018 4:00,164,0,0,208,367
3/29/2018 4:00,116,0,0,215,326
3/30/2018 4:00,97,0,0,389,482
3/31/2018 4:00,235,0,0,481,698
4/1/2018 4:00,750,0,0,742,1395
4/2/2018 4:00,870,0,0,941,1677
4/3/2018 4:00,797,0,0,771,1477
4/4/2018 4:00,1029,0,0,507,1455
4/5/2018 4:00,747,0,0,419,1103
4/6/2018 4:00,553,0,0,374,894
4/7/2018 4:00,625,0,0,296,886
4/8/2018 4:00,1026,0,0,337,1310
4/9/2018 4:00,1003,0,0,920,1808
4/10/2018 4:00,1276,0,0,2715,3625
4/11/2018 4:00,667,0,0,1428,1981
4/12/2018 4:00,1260,0,0,901,2007
4/13/2018 4:00,2019,0,0,999,2768
4/14/2018 4:00,1340,0,0,459,1703
4/15/2018 4:00,1073,0,0,606,1579
4/16/2018 4:00,927,0,0,1020,1808
4/17/2018 4:00,806,0,0,1647,2325
4/18/2018 4:00,554,0,0,2527,2952
4/19/2018 4:00,377,0,0,2119,2406
4/20/2018 4:00,282,0,0,1579,1816
4/21/2018 4:00,193,0,0,736,906
4/22/2018 4:00,265,0,0,954,1172
4/23/2018 4:00,440,0,0,871,1265
4/24/2018 4:00,1020,0,0,311,1285
4/25/2018 4:00,1331,0,0,411,1672
4/26/2018 4:00,1299,0,0,498,1698
4/27/2018 4:00,680,0,0,371,993
4/28/2018 4:00,184,0,0,141,316
4/29/2018 4:00,485,0,0,452,901
4/30/2018 4:00,386,0,0,1124,1441
5/1/2018 4:00,195,0,0,1801,1952
5/2/2018 4:00,127,0,0,1708,1807
5/3/2018 4:00,92,0,0,1101,1179
5/4/2018 4:00,162,0,0,1321,1454
5/5/2018 4:00,181,0,0,1451,1591
5/6/2018 4:00,79,0,0,701,770
5/7/2018 4:00,162,0,0,1126,1256
5/8/2018 4:00,94,0,0,572,657
5/9/2018 4:00,76,0,0,537,605
5/10/2018 4:00,294,0,0,1436,1690
5/11/2018 4:00,325,0,0,3415,3636
5/12/2018 4:00,128,0,0,934,1037
5/13/2018 4:00,85,0,0,284,364
5/14/2018 0:00,0,0,0,0,0
5/15/2018 4:00,28,0,0,38,64
5/16/2018 4:00,1148,0,0,948,1934
5/17/2018 4:00,1351,0,0,882,2077
5/18/2018 4:00,742,0,0,1044,1689
5/19/2018 4:00,411,0,0,765,1128
5/20/2018 4:00,282,0,0,430,683
5/21/2018 4:00,255,0,0,345,582
5/22/2018 4:00,179,0,0,160,331
5/23/2018 4:00,221,0,0,283,494
5/24/2018 4:00,214,0,0,227,432
5/25/2018 4:00,115,0,0,129,241
5/26/2018 4:00,251,0,0,297,538
5/27/2018 4:00,71,0,0,83,154
5/28/2018 4:00,109,0,0,145,249
5/29/2018 4:00,133,0,0,425,550
5/30/2018 4:00,473,0,0,1064,1490
5/31/2018 4:00,781,0,0,2142,2752
6/1/2018 4:00,602,0,0,1754,2239
6/2/2018 4:00,340,0,0,805,1096
6/3/2018 4:00,551,0,0,692,1195
6/4/2018 4:00,660,0,0,932,1502
6/5/2018 4:00,736,0,0,1074,1679
6/6/2018 4:00,324,0,0,272,583
6/7/2018 4:00,581,0,0,689,1192
6/8/2018 4:00,204,0,0,207,399
6/9/2018 4:00,1144,0,0,1381,2262
6/10/2018 4:00,1578,0,0,2938,4054
6/11/2018 4:00,745,0,0,1810,2412
6/12/2018 4:00,1439,0,0,2215,3327
6/13/2018 4:00,1005,0,0,1888,2688
6/14/2018 4:00,418,0,0,1307,1642
6/15/2018 4:00,215,0,0,556,746
6/16/2018 4:00,453,0,0,1743,2094
6/17/2018 4:00,238,0,0,773,993
6/18/2018 4:00,154,0,0,891,1017
6/19/2018 4:00,403,0,0,2137,2453
6/20/2018 4:00,556,0,0,3089,3455
6/21/2018 4:00,273,0,0,1333,1534
6/22/2018 4:00,129,0,0,1056,1162
6/23/2018 4:00,175,0,0,955,1101
6/24/2018 4:00,376,0,0,1387,1666
6/25/2018 4:00,579,0,0,1714,2190
6/26/2018 4:00,599,0,0,2257,2738
6/27/2018 4:00,711,0,0,2473,3016
6/28/2018 4:00,483,0,0,1360,1759
6/29/2018 4:00,451,0,0,1020,1405
6/30/2018 4:00,487,0,0,963,1387
7/1/2018 4:00,453,0,0,656,1063
7/2/2018 4:00,422,0,0,564,949
7/3/2018 4:00,650,0,0,462,1066
7/4/2018 4:00,1158,0,0,302,1403
7/5/2018 4:00,2176,0,0,358,2417
7/6/2018 4:00,2061,0,0,369,2329
7/7/2018 4:00,794,0,0,281,1021
7/8/2018 4:00,546,0,0,265,772
7/9/2018 4:00,397,0,0,301,676
7/10/2018 4:00,393,0,0,285,660
7/11/2018 4:00,223,0,0,114,330
7/12/2018 4:00,161,0,0,114,272
7/13/2018 4:00,150,0,0,108,252
7/14/2018 4:00,219,0,0,141,354
7/15/2018 4:00,185,0,0,129,308
7/16/2018 4:00,121,0,0,93,212
7/17/2018 4:00,151,0,0,359,497
7/18/2018 4:00,123,0,0,1344,1440
7/19/2018 4:00,61,0,0,770,817
7/20/2018 4:00,61,0,0,438,492
7/21/2018 4:00,97,0,0,755,835
7/22/2018 4:00,91,0,0,430,502
7/23/2018 4:00,48,0,0,199,243
7/24/2018 4:00,50,0,0,208,256
7/25/2018 4:00,393,0,0,129,510
7/26/2018 4:00,1063,0,0,299,1312
7/27/2018 4:00,771,0,0,179,929
7/28/2018 4:00,279,0,0,37,315
7/29/2018 4:00,481,0,0,119,588
7/30/2018 4:00,241,0,0,112,339
7/31/2018 0:00,0,0,0,0,0
8/1/2018 0:00,0,0,0,0,0
8/2/2018 0:00,0,0,0,0,0
8/3/2018 0:00,0,0,0,0,0
8/4/2018 0:00,0,0,0,0,0
8/5/2018 0:00,0,0,0,0,0
8/6/2018 0:00,0,0,0,0,0
8/7/2018 0:00,0,0,0,0,0
8/8/2018 0:00,0,0,0,0,0
8/9/2018 0:00,0,0,0,0,0
8/10/2018 0:00,0,0,0,0,0
8/11/2018 0:00,0,0,0,0,0
8/12/2018 0:00,0,0,0,0,0
8/13/2018 4:00,47,0,0,8,54
8/14/2018 4:00,565,0,0,93,642
8/15/2018 4:00,1087,0,0,281,1316
8/16/2018 4:00,1810,0,0,349,2062
8/17/2018 4:00,814,0,0,778,1489
8/18/2018 4:00,297,0,0,518,785
8/19/2018 4:00,357,0,0,581,879
8/20/2018 4:00,777,0,0,433,1133
8/21/2018 4:00,798,0,0,1042,1735
8/22/2018 4:00,275,0,0,332,587
8/23/2018 4:00,356,0,0,817,1132
8/24/2018 4:00,259,0,0,777,1002
8/25/2018 4:00,1600,0,0,1657,2933
8/26/2018 4:00,1296,0,0,980,2079
8/27/2018 4:00,842,0,0,485,1238
8/28/2018 4:00,548,0,0,437,934
8/29/2018 4:00,520,0,0,550,1002
8/30/2018 4:00,292,0,0,249,525
8/31/2018 4:00,297,0,0,596,858
9/1/2018 4:00,267,0,0,1128,1344
9/2/2018 4:00,640,0,0,3249,3662
9/3/2018 4:00,640,0,0,2956,3398
9/4/2018 4:00,469,0,0,1473,1848
9/5/2018 4:00,353,0,0,976,1263
9/6/2018 4:00,211,0,0,360,549
9/7/2018 4:00,308,0,0,261,554
9/8/2018 4:00,458,0,0,371,792
9/9/2018 4:00,324,0,0,312,613
9/10/2018 4:00,394,0,0,413,768
9/11/2018 4:00,583,0,0,287,833
9/12/2018 4:00,299,0,0,168,451
9/13/2018 4:00,762,0,0,260,978
9/14/2018 4:00,1214,0,0,663,1766
9/15/2018 4:00,273,0,0,166,431
9/16/2018 4:00,433,0,0,375,760
9/17/2018 4:00,571,0,0,1072,1565
9/18/2018 4:00,719,0,0,812,1453
9/19/2018 4:00,732,0,0,1556,2126
9/20/2018 4:00,594,0,0,1912,2370
9/21/2018 4:00,692,0,0,955,1548
9/22/2018 4:00,840,0,0,1601,2241
9/23/2018 4:00,871,0,0,2274,2937
9/24/2018 4:00,592,0,0,1332,1811
9/25/2018 4:00,554,0,0,611,1094
9/26/2018 4:00,557,0,0,617,1102
9/27/2018 4:00,339,0,0,358,663
9/28/2018 4:00,386,0,0,278,622
9/29/2018 4:00,632,0,0,440,1005
9/30/2018 4:00,448,0,0,418,814
10/1/2018 4:00,897,0,0,214,1039
10/2/2018 4:00,1054,0,0,830,1751
10/3/2018 4:00,688,0,0,2213,2727
10/4/2018 4:00,968,0,0,1707,2429
10/5/2018 4:00,654,0,0,717,1255
10/6/2018 4:00,644,0,0,583,1142
10/7/2018 4:00,727,0,0,296,971
10/8/2018 4:00,755,0,0,291,981
10/9/2018 4:00,1962,0,0,267,2136
10/10/2018 4:00,1874,0,0,154,1971
10/11/2018 4:00,2199,0,0,195,2336
10/12/2018 4:00,1870,0,0,182,2003
10/13/2018 4:00,630,0,0,83,704
10/14/2018 4:00,313,0,0,51,363
10/15/2018 4:00,521,0,0,148,654
10/16/2018 4:00,211,0,0,67,273
10/17/2018 4:00,242,0,0,110,341
10/18/2018 4:00,106,0,0,48,151
10/19/2018 4:00,93,0,0,48,139
10/20/2018 4:00,122,0,0,191,311
10/21/2018 4:00,112,0,0,107,215
10/22/2018 4:00,254,0,0,226,469
10/23/2018 4:00,328,0,0,288,605
10/24/2018 4:00,484,0,0,164,633
10/25/2018 4:00,645,0,0,439,1035
10/26/2018 4:00,279,0,0,133,406
10/27/2018 4:00,387,0,0,190,559
10/28/2018 4:00,178,0,0,80,249
10/29/2018 4:00,188,0,0,86,266
10/30/2018 4:00,352,0,0,184,522
10/31/2018 4:00,274,0,0,144,409
11/1/2018 4:00,949,0,0,325,1235
11/2/2018 4:00,1287,0,0,142,1400
11/3/2018 4:00,1150,0,0,289,1384
11/4/2018 4:00,1715,0,0,298,1960
11/5/2018 5:00,2167,0,0,557,2540
11/6/2018 5:00,724,0,0,225,912
11/7/2018 5:00,496,0,0,316,779
11/8/2018 5:00,401,0,0,337,714
11/9/2018 5:00,393,0,0,279,645
11/10/2018 5:00,265,0,0,299,544
11/11/2018 5:00,136,0,0,347,476
11/12/2018 5:00,278,0,0,826,1062
11/13/2018 5:00,224,0,0,1325,1488
11/14/2018 5:00,491,0,0,2109,2476
11/15/2018 5:00,1009,0,0,2070,2833
11/16/2018 5:00,747,0,0,366,1059
11/17/2018 5:00,718,0,0,404,1065
11/18/2018 5:00,1138,0,0,352,1429
11/19/2018 5:00,794,0,0,511,1222
11/20/2018 5:00,1033,0,0,264,1258
11/21/2018 5:00,1620,0,0,811,2278
11/22/2018 5:00,639,0,0,409,989
11/23/2018 5:00,521,0,0,580,1052
11/24/2018 5:00,922,0,0,562,1390
11/25/2018 5:00,734,0,0,244,947
11/26/2018 5:00,1006,0,0,552,1464
11/27/2018 5:00,466,0,0,751,1157
11/28/2018 5:00,675,0,0,761,1325
11/29/2018 5:00,741,0,0,512,1175
11/30/2018 5:00,668,0,0,688,1289
12/1/2018 5:00,1482,0,0,1746,2968
12/2/2018 5:00,1708,0,0,2903,4140
12/3/2018 5:00,1591,0,0,2878,3997
12/4/2018 5:00,916,0,0,1647,2423
12/5/2018 5:00,324,0,0,747,1048
12/6/2018 5:00,257,0,0,547,765
12/7/2018 5:00,132,0,0,253,376
12/8/2018 5:00,150,0,0,231,371
12/9/2018 5:00,126,0,0,136,260
12/10/2018 5:00,265,0,0,436,676
12/11/2018 5:00,179,0,0,369,529
12/12/2018 5:00,150,0,0,313,453
12/13/2018 5:00,64,0,0,196,259
12/14/2018 5:00,77,0,0,328,400
12/15/2018 5:00,71,0,0,438,504
12/16/2018 5:00,98,0,0,578,664
12/17/2018 5:00,142,0,0,951,1069
12/18/2018 5:00,175,0,0,1567,1721
12/19/2018 5:00,403,0,0,3135,3422
12/20/2018 5:00,999,0,0,2644,3359
12/21/2018 5:00,1116,0,0,1675,2582
12/22/2018 5:00,385,0,0,530,876
12/23/2018 5:00,250,0,0,284,521
12/24/2018 5:00,324,0,0,468,760
12/25/2018 5:00,134,0,0,159,286
12/26/2018 5:00,183,0,0,176,353
12/27/2018 5:00,180,0,0,266,435
12/28/2018 5:00,146,0,0,405,534
12/29/2018 5:00,127,0,0,301,419
12/30/2018 5:00,79,0,0,178,253
12/31/2018 5:00,86,0,0,240,322
1/1/2019 5:00,70,0,0,137,204
1/2/2019 5:00,196,0,0,402,564
1/3/2019 5:00,137,0,0,235,359
1/4/2019 5:00,460,0,0,672,1086
1/5/2019 5:00,786,0,0,1059,1707
1/6/2019 5:00,398,0,0,812,1162
1/7/2019 5:00,89,0,0,277,361
1/8/2019 5:00,71,0,0,301,365
1/9/2019 5:00,89,0,0,331,409
1/10/2019 5:00,243,0,0,1048,1243
1/11/2019 5:00,93,0,0,395,480
1/12/2019 5:00,84,0,0,262,341
1/13/2019 5:00,148,0,0,633,759
1/14/2019 5:00,78,0,0,262,338
1/15/2019 5:00,94,0,0,295,383
1/16/2019 5:00,79,0,0,334,410
1/17/2019 5:00,32,0,0,95,123
1/18/2019 5:00,23,0,0,192,215
1/19/2019 5:00,54,0,0,445,489
1/20/2019 5:00,32,0,0,238,269
1/21/2019 5:00,39,0,0,344,376
1/22/2019 5:00,134,0,0,420,548
1/23/2019 5:00,348,0,0,1090,1395
1/24/2019 5:00,396,0,0,1301,1630
1/25/2019 5:00,342,0,0,2038,2293
1/26/2019 5:00,321,0,0,1563,1827
1/27/2019 5:00,219,0,0,867,1055
1/28/2019 5:00,206,0,0,1914,2063
1/29/2019 5:00,132,0,0,1335,1435
1/30/2019 5:00,64,0,0,1383,1430
1/31/2019 5:00,192,0,0,1358,1511
2/1/2019 5:00,135,0,0,1373,1484
2/2/2019 5:00,110,0,0,1039,1124
2/3/2019 5:00,116,0,0,952,1048
2/4/2019 5:00,110,0,0,724,813
2/5/2019 5:00,80,0,0,349,421
2/6/2019 5:00,199,0,0,558,741
2/7/2019 5:00,156,0,0,803,933
2/8/2019 5:00,54,0,0,303,351
2/9/2019 5:00,51,0,0,152,201
2/10/2019 5:00,69,0,0,289,356
2/11/2019 5:00,70,0,0,212,276
2/12/2019 5:00,181,0,0,469,632
2/13/2019 5:00,80,0,0,1416,1489
2/14/2019 5:00,61,0,0,984,1040
2/15/2019 5:00,68,0,0,764,822
2/16/2019 5:00,51,0,0,337,384
2/17/2019 5:00,43,0,0,184,225
2/18/2019 5:00,84,0,0,274,350
2/19/2019 5:00,46,0,0,214,257
2/20/2019 5:00,66,0,0,250,310
2/21/2019 5:00,51,0,0,187,235
2/22/2019 5:00,93,0,0,481,555
2/23/2019 5:00,98,0,0,442,532
2/24/2019 5:00,128,0,0,437,550
2/25/2019 5:00,444,0,0,509,923
2/26/2019 5:00,745,0,0,485,1163
2/27/2019 5:00,675,0,0,663,1259
2/28/2019 5:00,328,0,0,352,655
3/1/2019 5:00,428,0,0,501,883
3/2/2019 5:00,343,0,0,716,1018
3/3/2019 5:00,176,0,0,703,863
3/4/2019 5:00,166,0,0,1208,1350
3/5/2019 5:00,97,0,0,816,898
3/6/2019 5:00,111,0,0,565,665
3/7/2019 5:00,147,0,0,953,1072
3/8/2019 5:00,87,0,0,1266,1335
3/9/2019 5:00,83,0,0,2496,2559
3/10/2019 5:00,67,0,0,2103,2158
3/11/2019 4:00,77,0,0,1001,1069
3/12/2019 4:00,62,0,0,870,925
3/13/2019 4:00,116,0,0,759,858
3/14/2019 4:00,133,0,0,461,579
3/15/2019 4:00,80,0,0,850,924
3/16/2019 4:00,317,0,0,1307,1555
3/17/2019 4:00,301,0,0,1572,1820
3/18/2019 4:00,378,0,0,1590,1902
3/19/2019 4:00,693,0,0,1929,2440
3/20/2019 4:00,551,0,0,1350,1799
3/21/2019 4:00,288,0,0,1024,1257
3/22/2019 4:00,245,0,0,360,589
3/23/2019 4:00,344,0,0,402,718
3/24/2019 4:00,306,0,0,442,721
3/25/2019 4:00,304,0,0,382,668
3/26/2019 4:00,524,0,0,895,1355
3/27/2019 4:00,573,0,0,678,1185
3/28/2019 4:00,1383,0,0,1179,2337
3/29/2019 4:00,999,0,0,828,1684
3/30/2019 4:00,942,0,0,840,1638
3/31/2019 4:00,477,0,0,382,826
4/1/2019 4:00,441,0,0,1112,1497
4/2/2019 4:00,252,0,0,1971,2175
4/3/2019 4:00,337,0,0,1374,1643
4/4/2019 4:00,194,0,0,980,1147
4/5/2019 4:00,153,0,0,793,924
4/6/2019 4:00,218,0,0,678,873
4/7/2019 4:00,251,0,0,1384,1600
4/8/2019 4:00,363,0,0,1475,1779
4/9/2019 4:00,149,0,0,1045,1176
4/10/2019 4:00,201,0,0,831,1008
4/11/2019 4:00,160,0,0,557,697
4/12/2019 4:00,193,0,0,609,775
4/13/2019 4:00,183,0,0,384,551
4/14/2019 4:00,92,0,0,221,308
4/15/2019 4:00,148,0,0,253,389
4/16/2019 4:00,95,0,0,124,210
4/17/2019 4:00,176,0,0,269,432
4/18/2019 4:00,171,0,0,725,882
4/19/2019 4:00,151,0,0,969,1099
4/20/2019 4:00,201,0,0,1022,1205
4/21/2019 4:00,270,0,0,1144,1381
4/22/2019 4:00,193,0,0,889,1058
4/23/2019 4:00,179,0,0,640,799
4/24/2019 4:00,217,0,0,348,554
4/25/2019 4:00,117,0,0,114,230
4/26/2019 4:00,146,0,0,192,330
4/27/2019 4:00,91,0,0,84,175
4/28/2019 4:00,108,0,0,115,220
4/29/2019 4:00,106,0,0,118,218
4/30/2019 4:00,73,0,0,71,142
5/1/2019 4:00,163,0,0,110,266
5/2/2019 4:00,86,0,0,64,148
5/3/2019 4:00,81,0,0,75,154
5/4/2019 4:00,89,0,0,57,142
5/5/2019 4:00,78,0,0,70,147
5/6/2019 4:00,128,0,0,71,196
5/7/2019 4:00,175,0,0,162,326
5/8/2019 4:00,174,0,0,119,285
5/9/2019 4:00,99,0,0,42,140
5/10/2019 4:00,66,0,0,53,119
5/11/2019 4:00,48,0,0,84,131
5/12/2019 4:00,48,0,0,82,127
5/13/2019 4:00,136,0,0,214,343
5/14/2019 4:00,231,0,0,764,980
5/15/2019 4:00,343,0,0,1460,1720
5/16/2019 4:00,555,0,0,1245,1693
5/17/2019 4:00,352,0,0,353,668
5/18/2019 4:00,211,0,0,155,358
5/19/2019 4:00,238,0,0,258,467
5/20/2019 4:00,137,0,0,89,222
5/21/2019 4:00,152,0,0,100,248
5/22/2019 4:00,141,0,0,125,257
5/23/2019 4:00,189,0,0,192,371
5/24/2019 4:00,106,0,0,102,207
5/25/2019 4:00,70,0,0,68,137
5/26/2019 4:00,152,0,0,69,217
5/27/2019 4:00,356,0,0,59,413
5/28/2019 4:00,1367,0,0,122,1475
5/29/2019 4:00,1916,0,0,102,1997
5/30/2019 4:00,1458,0,0,182,1602
5/31/2019 4:00,603,0,0,123,711
6/1/2019 4:00,509,0,0,335,826
6/2/2019 4:00,270,0,0,303,561
6/3/2019 4:00,280,0,0,689,947
6/4/2019 4:00,178,0,0,598,763
6/5/2019 4:00,168,0,0,1308,1448
6/6/2019 4:00,92,0,0,933,1018
6/7/2019 4:00,211,0,0,808,993
6/8/2019 4:00,311,0,0,1125,1395
6/9/2019 4:00,467,0,0,1342,1699
6/10/2019 4:00,1062,0,0,1983,2816
6/11/2019 4:00,911,0,0,1757,2521
6/12/2019 4:00,597,0,0,1400,1905
6/13/2019 4:00,467,0,0,1051,1470
6/14/2019 4:00,264,0,0,574,822
6/15/2019 4:00,176,0,0,332,493
6/16/2019 4:00,231,0,0,285,507
6/17/2019 4:00,183,0,0,480,649
6/18/2019 4:00,183,0,0,1616,1760
6/19/2019 4:00,122,0,0,920,1027
6/20/2019 4:00,154,0,0,1813,1936
6/21/2019 4:00,149,0,0,1860,1969
6/22/2019 4:00,282,0,0,1661,1903
6/23/2019 4:00,312,0,0,1099,1368
6/24/2019 4:00,241,0,0,551,778
6/25/2019 4:00,306,0,0,702,983
6/26/2019 4:00,202,0,0,501,693
6/27/2019 4:00,271,0,0,544,799
6/28/2019 4:00,348,0,0,527,859
6/29/2019 4:00,328,0,0,543,843
6/30/2019 4:00,247,0,0,367,606
7/1/2019 4:00,238,0,0,502,721
7/2/2019 4:00,308,0,0,454,745
7/3/2019 4:00,212,0,0,503,703
7/4/2019 4:00,318,0,0,472,766
7/5/2019 4:00,540,0,0,626,1125
7/6/2019 4:00,693,0,0,688,1316
7/7/2019 4:00,677,0,0,443,1081
7/8/2019 4:00,479,0,0,350,808
7/9/2019 4:00,237,0,0,173,404
7/10/2019 4:00,247,0,0,174,413
7/11/2019 4:00,715,0,0,510,1176
7/12/2019 4:00,487,0,0,339,796
7/13/2019 4:00,578,0,0,555,1101
7/14/2019 4:00,638,0,0,1431,1977
7/15/2019 4:00,689,0,0,547,1184
7/16/2019 4:00,909,0,0,493,1347
7/17/2019 4:00,770,0,0,560,1252
7/18/2019 4:00,946,0,0,629,1487
7/19/2019 4:00,890,0,0,469,1299
7/20/2019 4:00,1004,0,0,761,1688
7/21/2019 4:00,1263,0,0,909,2027
7/22/2019 4:00,765,0,0,438,1146
7/23/2019 4:00,731,0,0,550,1212
7/24/2019 4:00,745,0,0,889,1552
7/25/2019 4:00,603,0,0,801,1341
7/26/2019 4:00,406,0,0,430,807
7/27/2019 4:00,403,0,0,641,1012
7/28/2019 4:00,544,0,0,672,1157
7/29/2019 4:00,428,0,0,1104,1474
7/30/2019 4:00,720,0,0,1179,1797
7/31/2019 4:00,967,0,0,981,1852
8/1/2019 4:00,748,0,0,658,1330
8/2/2019 4:00,259,0,0,265,514
8/3/2019 4:00,220,0,0,128,338
8/4/2019 4:00,237,0,0,106,336
8/5/2019 4:00,112,0,0,81,187
8/6/2019 4:00,110,0,0,31,140
8/7/2019 4:00,81,0,0,20,98
8/8/2019 4:00,78,0,0,25,100
8/9/2019 4:00,84,0,0,22,105
8/10/2019 4:00,143,0,0,49,189
8/11/2019 4:00,287,0,0,54,337
8/12/2019 4:00,484,0,0,65,536
8/13/2019 4:00,202,0,0,29,230
8/14/2019 4:00,294,0,0,61,347
8/15/2019 4:00,197,0,0,28,223
8/16/2019 4:00,218,0,0,57,273
8/17/2019 4:00,422,0,0,207,617
8/18/2019 4:00,377,0,0,99,468
8/19/2019 4:00,324,0,0,72,394
8/20/2019 4:00,356,0,0,141,488
8/21/2019 4:00,406,0,0,281,668
8/22/2019 4:00,307,0,0,161,460
8/23/2019 4:00,202,0,0,49,247
8/24/2019 4:00,134,0,0,162,291
8/25/2019 4:00,170,0,0,216,381
8/26/2019 4:00,307,0,0,449,731
8/27/2019 4:00,528,0,0,537,1032
8/28/2019 4:00,601,0,0,355,911
8/29/2019 4:00,602,0,0,255,831
8/30/2019 4:00,378,0,0,63,436
8/31/2019 4:00,835,0,0,112,935
9/1/2019 4:00,914,0,0,196,1089
9/2/2019 4:00,497,0,0,77,569
9/3/2019 4:00,937,0,0,201,1116
9/4/2019 4:00,871,0,0,159,1010
9/5/2019 4:00,736,0,0,186,905
9/6/2019 4:00,441,0,0,92,528
9/7/2019 4:00,431,0,0,89,510
9/8/2019 4:00,435,0,0,155,577
9/9/2019 4:00,473,0,0,313,764
9/10/2019 4:00,418,0,0,458,846
9/11/2019 4:00,348,0,0,656,973
9/12/2019 4:00,330,0,0,844,1132
9/13/2019 4:00,345,0,0,622,936
9/14/2019 4:00,350,0,0,637,954
9/15/2019 4:00,400,0,0,726,1090
9/16/2019 4:00,472,0,0,672,1099
9/17/2019 4:00,624,0,0,594,1168
9/18/2019 4:00,980,0,0,817,1704
9/19/2019 4:00,955,0,0,793,1644
9/20/2019 4:00,733,0,0,795,1424
9/21/2019 4:00,546,0,0,518,1016
9/22/2019 4:00,472,0,0,529,972
9/23/2019 4:00,546,0,0,481,990
9/24/2019 4:00,541,0,0,400,913
9/25/2019 4:00,538,0,0,407,901
9/26/2019 4:00,548,0,0,507,1010
9/27/2019 4:00,642,0,0,459,1055
9/28/2019 4:00,430,0,0,373,779
9/29/2019 4:00,385,0,0,434,794
9/30/2019 4:00,319,0,0,342,637
10/1/2019 4:00,301,0,0,279,552
10/2/2019 4:00,209,0,0,225,428
10/3/2019 4:00,282,0,0,251,508
10/4/2019 4:00,230,0,0,225,436
10/5/2019 4:00,258,0,0,331,567
10/6/2019 4:00,177,0,0,213,381
10/7/2019 4:00,112,0,0,162,268
10/8/2019 4:00,78,0,0,82,157
10/9/2019 4:00,103,0,0,243,332
10/10/2019 4:00,70,0,0,99,166
10/11/2019 4:00,63,0,0,91,152
10/12/2019 4:00,74,0,0,87,155
10/13/2019 4:00,72,0,0,150,211
10/14/2019 4:00,34,0,0,88,120
10/15/2019 4:00,67,0,0,104,165
10/16/2019 4:00,83,0,0,92,174
10/17/2019 4:00,628,0,0,111,729
10/18/2019 4:00,521,0,0,413,905
10/19/2019 4:00,525,0,0,1137,1583
10/20/2019 4:00,277,0,0,553,806
10/21/2019 4:00,318,0,0,418,714
10/22/2019 4:00,308,0,0,628,885
10/23/2019 4:00,201,0,0,430,617
10/24/2019 4:00,190,0,0,274,455
10/25/2019 4:00,209,0,0,530,714
10/26/2019 4:00,157,0,0,399,545
10/27/2019 4:00,112,0,0,224,333
10/28/2019 4:00,148,0,0,235,375
10/29/2019 4:00,167,0,0,160,317
10/30/2019 4:00,568,0,0,359,899
10/31/2019 4:00,1035,0,0,691,1653
11/1/2019 4:00,1412,0,0,819,2085
11/2/2019 4:00,714,0,0,721,1367
11/3/2019 4:00,406,0,0,366,747
11/4/2019 5:00,553,0,0,521,1027
11/5/2019 5:00,391,0,0,467,831
11/6/2019 5:00,266,0,0,281,532
11/7/2019 5:00,265,0,0,256,508
11/8/2019 5:00,246,0,0,225,456
11/9/2019 5:00,220,0,0,205,411
11/10/2019 5:00,181,0,0,112,292
11/11/2019 5:00,176,0,0,146,313
11/12/2019 5:00,214,0,0,225,427
11/13/2019 5:00,414,0,0,192,597
11/14/2019 5:00,413,0,0,494,887
11/15/2019 5:00,370,0,0,325,676
11/16/2019 5:00,225,0,0,210,426
11/17/2019 5:00,138,0,0,90,224
11/18/2019 5:00,247,0,0,200,438
11/19/2019 5:00,233,0,0,261,482
11/20/2019 5:00,177,0,0,177,346
11/21/2019 5:00,180,0,0,216,387
11/22/2019 5:00,143,0,0,173,310
11/23/2019 5:00,132,0,0,120,249
11/24/2019 5:00,99,0,0,131,228
11/25/2019 5:00,111,0,0,144,254
11/26/2019 5:00,111,0,0,233,339
11/27/2019 5:00,79,0,0,101,180
11/28/2019 5:00,94,0,0,127,217
11/29/2019 5:00,50,0,0,77,126
11/30/2019 5:00,55,0,0,75,129
12/1/2019 5:00,59,0,0,91,149
12/2/2019 5:00,118,0,0,184,293
12/3/2019 5:00,112,0,0,234,339
12/4/2019 5:00,86,0,0,127,212
12/5/2019 5:00,147,0,0,748,876
12/6/2019 5:00,289,0,0,456,713
12/7/2019 5:00,83,0,0,213,291
12/8/2019 5:00,77,0,0,208,282
12/9/2019 5:00,65,0,0,268,332
12/10/2019 5:00,86,0,0,177,260
12/11/2019 5:00,91,0,0,135,224
12/12/2019 5:00,123,0,0,241,359
12/13/2019 5:00,101,0,0,182,281
12/14/2019 5:00,47,0,0,134,179
12/15/2019 5:00,66,0,0,97,161
12/16/2019 5:00,61,0,0,107,168
12/17/2019 5:00,56,0,0,145,196
12/18/2019 5:00,84,0,0,141,223
12/19/2019 5:00,54,0,0,133,177
12/20/2019 5:00,57,0,0,87,143
12/21/2019 5:00,26,0,0,95,117
12/22/2019 5:00,41,0,0,55,96
12/23/2019 5:00,48,0,0,115,161
12/24/2019 5:00,25,0,0,42,67
12/25/2019 5:00,61,0,0,93,154
12/25/2019 5:00,0,0,0,0,0
12/26/2019 5:00,0,0,0,0,0
12/26/2019 5:00,321,0,0,76,395
12/27/2019 5:00,256,0,0,42,297
12/27/2019 5:00,102,0,0,26,126
12/28/2019 5:00,445,0,0,33,476
12/29/2019 5:00,406,0,0,73,472
12/30/2019 5:00,272,0,0,75,342
12/31/2019 5:00,153,0,0,87,237
1/1/2020 5:00,211,0,0,173,378
1/2/2020 5:00,221,0,0,223,430
1/3/2020 5:00,153,0,0,328,466
1/4/2020 5:00,131,0,0,299,421
1/5/2020 5:00,81,0,0,204,283
1/6/2020 5:00,186,0,0,304,480
1/7/2020 5:00,337,0,0,315,628
1/8/2020 5:00,167,0,0,243,397
1/9/2020 5:00,213,0,0,247,443
1/10/2020 5:00,181,0,0,337,506
1/11/2020 5:00,126,0,0,309,426
1/12/2020 5:00,236,0,0,727,937
1/13/2020 5:00,235,0,0,847,1047
1/14/2020 5:00,503,0,0,834,1266
1/15/2020 5:00,765,0,0,1651,2227
1/16/2020 5:00,530,0,0,1071,1524
1/17/2020 5:00,506,0,0,956,1377
1/18/2020 5:00,473,0,0,783,1209
1/19/2020 5:00,364,0,0,780,1074
1/20/2020 5:00,212,0,0,669,860
1/21/2020 5:00,208,0,0,595,784
1/22/2020 5:00,229,0,0,511,720
1/23/2020 5:00,193,0,0,489,661
1/24/2020 5:00,191,0,0,534,707
1/25/2020 5:00,185,0,0,402,564
1/26/2020 5:00,150,0,0,346,478
1/27/2020 5:00,156,0,0,378,516
1/28/2020 5:00,180,0,0,510,664
1/29/2020 5:00,176,0,0,520,676
1/30/2020 5:00,121,0,0,384,492
1/31/2020 5:00,112,0,0,586,685
2/1/2020 5:00,326,0,0,900,1191
2/2/2020 5:00,484,0,0,698,1148
2/3/2020 5:00,1088,0,0,672,1676
2/4/2020 5:00,1060,0,0,586,1567
2/5/2020 5:00,728,0,0,753,1416
2/6/2020 5:00,890,0,0,701,1481
2/7/2020 5:00,663,0,0,671,1262
2/8/2020 5:00,307,0,0,584,861
2/9/2020 5:00,298,0,0,419,694
2/10/2020 5:00,264,0,0,513,746
2/11/2020 5:00,274,0,0,499,748
2/12/2020 5:00,632,0,0,301,898
2/13/2020 5:00,849,0,0,307,1120
2/14/2020 5:00,707,0,0,592,1235
2/15/2020 5:00,395,0,0,393,761
2/16/2020 5:00,498,0,0,742,1181
2/17/2020 5:00,350,0,0,940,1235
2/18/2020 5:00,217,0,0,944,1133
2/19/2020 5:00,126,0,0,405,516
2/20/2020 5:00,213,0,0,900,1076
2/21/2020 5:00,200,0,0,652,826
2/22/2020 5:00,227,0,0,746,933
2/23/2020 5:00,176,0,0,389,544
2/24/2020 5:00,208,0,0,610,795
2/25/2020 5:00,200,0,0,534,702
2/26/2020 5:00,168,0,0,432,581
2/27/2020 5:00,652,0,0,359,980
2/28/2020 5:00,536,0,0,161,671
2/29/2020 5:00,386,0,0,107,487
3/1/2020 5:00,266,0,0,55,316
3/2/2020 5:00,379,0,0,109,478
3/3/2020 5:00,481,0,0,211,685
3/4/2020 5:00,1304,0,0,375,1624
3/5/2020 5:00,1878,0,0,362,2157
3/6/2020 5:00,1925,0,0,221,2105
3/7/2020 5:00,1343,0,0,211,1513
3/8/2020 5:00,984,0,0,436,1362
3/9/2020 4:00,1584,0,0,1312,2657
3/10/2020 4:00,743,0,0,868,1526
3/11/2020 4:00,496,0,0,567,998
3/12/2020 4:00,439,0,0,385,792
3/13/2020 4:00,433,0,0,357,763
3/14/2020 4:00,474,0,0,440,879
3/15/2020 4:00,804,0,0,438,1186
3/16/2020 4:00,1782,0,0,1109,2603
3/17/2020 4:00,2024,0,0,2372,3854
3/18/2020 4:00,906,0,0,1037,1805
3/19/2020 4:00,648,0,0,815,1385
3/20/2020 4:00,527,0,0,630,1098
3/21/2020 4:00,620,0,0,657,1228
3/22/2020 4:00,792,0,0,370,1104
3/23/2020 4:00,657,0,0,324,939
3/24/2020 4:00,489,0,0,230,693
3/25/2020 4:00,442,0,0,349,764
3/26/2020 4:00,643,0,0,457,1051
3/27/2020 4:00,1151,0,0,549,1613
3/28/2020 4:00,1330,0,0,378,1652
3/29/2020 4:00,1107,0,0,358,1408
3/30/2020 4:00,892,0,0,365,1188
3/31/2020 4:00,1532,0,0,690,2096
4/1/2020 4:00,1239,0,0,974,2034
4/2/2020 4:00,730,0,0,1226,1835
4/3/2020 4:00,846,0,0,1046,1763
4/4/2020 4:00,911,0,0,1467,2163
4/5/2020 4:00,472,0,0,1193,1547
4/6/2020 4:00,293,0,0,531,791
4/7/2020 4:00,1547,0,0,711,2084
4/8/2020 4:00,2149,0,0,522,2520
4/9/2020 4:00,2674,0,0,478,2970
4/10/2020 4:00,1845,0,0,544,2227
4/11/2020 4:00,909,0,0,270,1130
4/12/2020 4:00,897,0,0,362,1190
4/13/2020 4:00,618,0,0,325,913
4/14/2020 4:00,640,0,0,245,860
4/15/2020 4:00,1163,0,0,402,1505
4/16/2020 4:00,1651,0,0,420,1981
4/17/2020 4:00,1297,0,0,563,1742
4/18/2020 4:00,874,0,0,248,1084
4/19/2020 4:00,606,0,0,161,755
4/20/2020 4:00,438,0,0,237,659
4/21/2020 4:00,269,0,0,191,444
4/22/2020 4:00,232,0,0,148,376
4/23/2020 4:00,262,0,0,195,447
4/24/2020 4:00,231,0,0,309,518
4/25/2020 4:00,480,0,0,530,980
4/26/2020 4:00,983,0,0,1382,2148
4/27/2020 4:00,351,0,0,538,849
4/28/2020 4:00,421,0,0,440,829
4/29/2020 4:00,250,0,0,252,489
4/30/2020 4:00,366,0,0,843,1169
5/1/2020 4:00,448,0,0,2002,2297
5/2/2020 4:00,455,0,0,1581,1931
5/3/2020 4:00,669,0,0,1870,2365
5/4/2020 4:00,565,0,0,1165,1613
5/5/2020 4:00,473,0,0,1009,1389
5/6/2020 4:00,640,0,0,627,1195
5/7/2020 4:00,580,0,0,377,912
5/8/2020 4:00,526,0,0,578,1037
5/9/2020 4:00,294,0,0,259,529
5/10/2020 4:00,746,0,0,300,1012
5/11/2020 4:00,1107,0,0,539,1529
5/12/2020 4:00,755,0,0,614,1289
5/13/2020 4:00,1071,0,0,890,1848
5/14/2020 4:00,1283,0,0,1250,2277
5/15/2020 4:00,728,0,0,877,1501
5/16/2020 4:00,327,0,0,668,958
5/17/2020 4:00,508,0,0,954,1384
5/18/2020 4:00,433,0,0,1616,1965
5/19/2020 4:00,561,0,0,2688,3052
5/20/2020 4:00,510,0,0,3006,3317
5/21/2020 4:00,1062,0,0,3334,3978
5/22/2020 4:00,1108,0,0,2037,2819
5/23/2020 4:00,570,0,0,816,1280
5/24/2020 4:00,531,0,0,580,1048
5/25/2020 4:00,501,0,0,484,929
5/26/2020 4:00,393,0,0,397,758
5/27/2020 4:00,314,0,0,361,648
5/28/2020 4:00,190,0,0,233,415
5/29/2020 4:00,274,0,0,358,613
5/30/2020 4:00,249,0,0,313,544
5/31/2020 4:00,203,0,0,304,491
6/1/2020 4:00,256,0,0,360,596
6/2/2020 4:00,148,0,0,246,386
6/3/2020 4:00,173,0,0,270,436
6/4/2020 4:00,257,0,0,392,624
6/5/2020 4:00,268,0,0,484,730
6/6/2020 4:00,165,0,0,430,580
6/7/2020 4:00,107,0,0,370,467
6/8/2020 4:00,120,0,0,520,626
6/9/2020 4:00,130,0,0,507,622
6/10/2020 4:00,173,0,0,394,549
6/11/2020 4:00,310,0,0,392,681
6/12/2020 4:00,727,0,0,969,1591
6/13/2020 4:00,646,0,0,1586,2095
6/14/2020 4:00,294,0,0,1134,1374
6/15/2020 4:00,279,0,0,656,904
6/16/2020 4:00,305,0,0,1021,1282
6/17/2020 4:00,433,0,0,1363,1678
6/18/2020 4:00,328,0,0,679,966
6/19/2020 4:00,445,0,0,1329,1669
6/20/2020 4:00,223,0,0,1043,1227
6/21/2020 4:00,331,0,0,897,1180
6/22/2020 4:00,250,0,0,654,871
6/23/2020 4:00,309,0,0,1338,1580
6/24/2020 4:00,315,0,0,1087,1356
6/25/2020 4:00,826,0,0,1540,2236
6/26/2020 4:00,1045,0,0,1263,2130
6/27/2020 4:00,827,0,0,1168,1866
6/28/2020 4:00,849,0,0,1311,2022
6/29/2020 4:00,702,0,0,1682,2215
6/30/2020 4:00,489,0,0,1244,1647
7/1/2020 4:00,409,0,0,1185,1524
7/2/2020 4:00,318,0,0,1208,1453
7/3/2020 4:00,200,0,0,615,794
7/4/2020 4:00,258,0,0,941,1160
7/5/2020 4:00,183,0,0,887,1048
7/6/2020 4:00,177,0,0,443,606
7/7/2020 4:00,181,0,0,551,703
7/8/2020 4:00,186,0,0,518,678
7/9/2020 4:00,135,0,0,485,599
7/10/2020 4:00,163,0,0,480,630
7/11/2020 4:00,130,0,0,404,525
7/12/2020 4:00,117,0,0,425,531
7/13/2020 4:00,124,0,0,351,471
7/14/2020 4:00,108,0,0,607,700
7/15/2020 4:00,129,0,0,724,837
7/16/2020 4:00,164,0,0,1093,1233
7/17/2020 4:00,88,0,0,1988,2057
7/18/2020 4:00,133,0,0,2087,2186
7/19/2020 4:00,194,0,0,1601,1753
7/20/2020 4:00,147,0,0,687,801
7/21/2020 4:00,116,0,0,469,558
7/22/2020 4:00,39,0,0,85,121
7/23/2020 4:00,72,0,0,102,172
7/24/2020 4:00,79,0,0,125,196
7/25/2020 4:00,97,0,0,205,298
7/26/2020 4:00,149,0,0,119,264
7/27/2020 4:00,127,0,0,66,190
7/28/2020 4:00,221,0,0,465,672
7/29/2020 4:00,249,0,0,820,1043
7/30/2020 4:00,327,0,0,932,1213
7/31/2020 4:00,504,0,0,1092,1509
8/1/2020 4:00,320,0,0,576,866
8/2/2020 4:00,184,0,0,273,445
8/3/2020 4:00,53,0,0,78,131
8/4/2020 4:00,102,0,0,195,294
8/5/2020 4:00,107,0,0,94,197
8/6/2020 4:00,174,0,0,282,448
8/7/2020 4:00,144,0,0,175,317
8/8/2020 4:00,342,0,0,240,575
8/9/2020 4:00,649,0,0,397,1014
8/10/2020 4:00,188,0,0,59,243
8/11/2020 4:00,206,0,0,159,360
8/12/2020 4:00,179,0,0,82,260
8/13/2020 4:00,181,0,0,118,290
8/14/2020 4:00,78,0,0,143,219
8/15/2020 4:00,120,0,0,249,361
8/16/2020 4:00,105,0,0,128,230
8/17/2020 4:00,92,0,0,104,193
8/18/2020 4:00,96,0,0,138,232
8/19/2020 4:00,89,0,0,66,154
8/20/2020 4:00,206,0,0,108,303
8/21/2020 4:00,286,0,0,170,449
8/22/2020 4:00,581,0,0,289,850
8/23/2020 4:00,460,0,0,156,598
8/24/2020 4:00,156,0,0,97,250
8/25/2020 4:00,163,0,0,68,229
8/26/2020 4:00,85,0,0,135,217
8/27/2020 4:00,54,0,0,190,239
8/28/2020 4:00,61,0,0,420,474
8/29/2020 4:00,48,0,0,143,189
8/30/2020 4:00,62,0,0,173,231
8/31/2020 4:00,106,0,0,147,250
9/1/2020 4:00,125,0,0,419,526
9/2/2020 4:00,287,0,0,273,542
9/3/2020 4:00,264,0,0,388,635
9/4/2020 4:00,275,0,0,605,859
9/5/2020 4:00,304,0,0,397,677
9/6/2020 4:00,290,0,0,249,527
9/7/2020 4:00,375,0,0,212,571
9/8/2020 4:00,1285,0,0,872,2031
9/9/2020 4:00,475,0,0,231,691
9/10/2020 4:00,260,0,0,230,481
9/11/2020 4:00,174,0,0,226,393
9/12/2020 4:00,94,0,0,119,208
9/13/2020 4:00,37,0,0,82,119
9/14/2020 4:00,81,0,0,170,248
9/15/2020 4:00,46,0,0,270,311
9/16/2020 4:00,35,0,0,136,169
9/17/2020 4:00,36,0,0,239,272
9/18/2020 4:00,32,0,0,219,250
9/19/2020 4:00,31,0,0,251,280
9/20/2020 4:00,28,0,0,395,420
9/21/2020 4:00,35,0,0,417,449
9/22/2020 4:00,76,0,0,822,882
9/23/2020 4:00,27,0,0,265,290
9/24/2020 4:00,62,0,0,502,556
9/25/2020 4:00,87,0,0,585,663
9/26/2020 4:00,44,0,0,486,527
9/27/2020 4:00,74,0,0,1296,1358
9/28/2020 4:00,216,0,0,1053,1238
9/29/2020 4:00,176,0,0,1492,1637
9/30/2020 4:00,195,0,0,686,858
10/1/2020 4:00,193,0,0,746,916
10/2/2020 4:00,172,0,0,695,854
10/3/2020 4:00,184,0,0,604,773
10/4/2020 4:00,184,0,0,702,864
10/5/2020 4:00,158,0,0,411,560
10/6/2020 4:00,90,0,0,475,557
10/7/2020 4:00,71,0,0,200,268
10/8/2020 4:00,81,0,0,258,339
10/9/2020 4:00,150,0,0,221,363
10/10/2020 4:00,112,0,0,94,205
10/11/2020 4:00,197,0,0,114,306
10/12/2020 4:00,243,0,0,106,339
10/13/2020 4:00,453,0,0,325,745
10/14/2020 4:00,389,0,0,363,731
10/15/2020 4:00,242,0,0,375,604
10/16/2020 4:00,106,0,0,315,414
10/17/2020 4:00,98,0,0,314,405
10/18/2020 4:00,224,0,0,823,1014
10/19/2020 4:00,119,0,0,532,635
10/20/2020 4:00,72,0,0,307,372
10/21/2020 4:00,42,0,0,224,262
10/22/2020 4:00,55,0,0,268,320
10/23/2020 4:00,73,0,0,378,439
10/24/2020 4:00,73,0,0,424,490
10/25/2020 4:00,73,0,0,1098,1155
10/26/2020 4:00,31,0,0,294,323
10/27/2020 4:00,60,0,0,498,553
10/28/2020 4:00,43,0,0,209,251
10/29/2020 4:00,32,0,0,215,245
10/30/2020 4:00,34,0,0,142,175
10/31/2020 4:00,21,0,0,47,68
11/1/2020 4:00,53,0,0,127,180
11/2/2020 5:00,42,0,0,122,163
11/3/2020 5:00,251,0,0,774,1003
11/4/2020 5:00,119,0,0,922,1021
11/5/2020 5:00,8,0,0,327,335
11/6/2020 5:00,18,0,0,336,351
11/7/2020 5:00,5,0,0,24,29
11/8/2020 5:00,27,0,0,173,195
11/9/2020 5:00,26,0,0,53,79
11/10/2020 5:00,36,0,0,144,176
11/11/2020 5:00,20,0,0,13,33
11/12/2020 5:00,46,0,0,95,135
11/13/2020 5:00,31,0,0,65,93
11/14/2020 5:00,30,0,0,20,48
11/15/2020 5:00,95,0,0,256,339
11/16/2020 5:00,28,0,0,30,54
11/17/2020 5:00,220,0,0,543,731
11/18/2020 5:00,50,0,0,65,113
11/19/2020 5:00,103,0,0,329,419
11/20/2020 5:00,90,0,0,201,282
11/21/2020 5:00,53,0,0,159,207
11/22/2020 5:00,28,0,0,49,76
11/23/2020 5:00,40,0,0,166,203
11/24/2020 5:00,104,0,0,221,310
11/25/2020 5:00,109,0,0,459,559
11/26/2020 5:00,78,0,0,337,413
11/27/2020 5:00,124,0,0,504,619
11/28/2020 5:00,208,0,0,722,906
11/29/2020 5:00,222,0,0,588,785
11/30/2020 5:00,221,0,0,609,812
12/1/2020 5:00,149,0,0,448,579
12/2/2020 5:00,36,0,0,27,63
12/3/2020 5:00,31,0,0,25,56
12/4/2020 5:00,15,0,0,31,46
12/5/2020 5:00,11,0,0,7,18
12/6/2020 5:00,17,0,0,15,32
12/7/2020 5:00,10,0,0,12,22
12/8/2020 5:00,15,0,0,58,72
12/9/2020 5:00,16,0,0,47,63
12/10/2020 5:00,34,0,0,159,189
12/11/2020 5:00,13,0,0,121,133
12/12/2020 5:00,8,0,0,18,25
12/13/2020 5:00,18,0,0,93,111
12/14/2020 5:00,8,0,0,25,33
12/15/2020 5:00,18,0,0,149,166
12/16/2020 5:00,6,0,0,47,53
12/17/2020 5:00,6,0,0,53,57
12/18/2020 5:00,30,0,0,104,131
12/19/2020 5:00,14,0,0,43,55
12/20/2020 5:00,41,0,0,154,182
12/21/2020 5:00,6,0,0,34,39
12/22/2020 5:00,85,0,0,499,571
12/23/2020 5:00,12,0,0,55,66
12/24/2020 5:00,24,0,0,187,207
12/25/2020 5:00,43,0,0,179,215
12/26/2020 5:00,115,0,0,516,613
12/27/2020 5:00,57,0,0,211,260
12/28/2020 5:00,91,0,0,306,383
12/29/2020 5:00,103,0,0,405,492
12/30/2020 5:00,65,0,0,308,361
12/31/2020 5:00,11,0,0,66,75
1/1/2021 5:00,80,0,0,298,363
1/2/2021 5:00,77,0,0,244,309
1/3/2021 5:00,123,0,0,268,376
1/4/2021 5:00,115,0,0,394,499
1/5/2021 5:00,137,0,0,481,596
1/6/2021 5:00,30,0,0,95,122
1/7/2021 5:00,285,0,0,633,865
1/8/2021 5:00,133,0,0,481,600
1/9/2021 5:00,106,0,0,374,459
1/10/2021 5:00,160,0,0,684,800
1/11/2021 5:00,404,0,0,1040,1326
1/12/2021 5:00,305,0,0,924,1126
1/13/2021 5:00,98,0,0,404,482
1/14/2021 5:00,290,0,0,869,1049
1/15/2021 5:00,305,0,0,904,1137
1/16/2021 5:00,158,0,0,557,675
1/17/2021 5:00,274,0,0,861,1059
1/18/2021 5:00,151,0,0,700,814
1/19/2021 5:00,582,0,0,1475,1877
1/20/2021 5:00,776,0,0,1451,1956
1/21/2021 5:00,1047,0,0,1917,2571
1/22/2021 5:00,1070,0,0,1912,2551
1/23/2021 5:00,1224,0,0,2270,2949
1/24/2021 5:00,688,0,0,1497,1925
1/25/2021 5:00,883,0,0,1673,2129
1/26/2021 5:00,1078,0,0,1893,2536
1/27/2021 5:00,404,0,0,1013,1314
1/28/2021 5:00,949,0,0,1848,2325
1/29/2021 5:00,877,0,0,1651,2127
1/30/2021 5:00,1126,0,0,2209,2866
1/31/2021 5:00,363,0,0,1160,1405
2/1/2021 5:00,860,0,0,1772,2274
2/2/2021 5:00,554,0,0,962,1373
2/3/2021 5:00,209,0,0,549,728
2/4/2021 5:00,489,0,0,1023,1367
2/5/2021 5:00,281,0,0,381,607
2/6/2021 5:00,79,0,0,109,183
2/7/2021 5:00,374,0,0,548,870
2/8/2021 5:00,124,0,0,203,316
2/9/2021 5:00,410,0,0,545,887
2/10/2021 5:00,704,0,0,887,1365
2/11/2021 5:00,564,0,0,719,1172
2/12/2021 5:00,532,0,0,672,1085
2/13/2021 5:00,281,0,0,558,785
2/14/2021 5:00,350,0,0,696,994
2/15/2021 5:00,172,0,0,406,559
2/16/2021 5:00,756,0,0,1017,1572
2/17/2021 5:00,196,0,0,409,574
2/18/2021 5:00,263,0,0,524,746
2/19/2021 5:00,382,0,0,711,1021
2/20/2021 5:00,136,0,0,263,381
2/21/2021 5:00,25,0,0,100,123
2/22/2021 5:00,72,0,0,165,231
2/23/2021 5:00,250,0,0,377,600
2/24/2021 5:00,224,0,0,312,502
2/25/2021 5:00,291,0,0,426,673
2/26/2021 5:00,417,0,0,615,961
2/27/2021 5:00,45,0,0,169,208
2/28/2021 5:00,129,0,0,532,638
3/1/2021 5:00,91,0,0,360,438
3/2/2021 5:00,36,0,0,60,96
3/3/2021 5:00,45,0,0,90,135
3/4/2021 5:00,57,0,0,173,227
3/5/2021 5:00,74,0,0,89,162
3/6/2021 5:00,32,0,0,104,135
3/7/2021 5:00,17,0,0,67,84
3/8/2021 5:00,70,0,0,149,215
3/9/2021 5:00,44,0,0,113,153
3/10/2021 5:00,78,0,0,198,269
3/11/2021 5:00,211,0,0,487,671
3/12/2021 5:00,258,0,0,462,675
3/13/2021 5:00,145,0,0,314,445
3/14/2021 5:00,94,0,0,97,186
3/15/2021 4:00,139,0,0,202,333
3/16/2021 4:00,92,0,0,416,494
3/17/2021 4:00,64,0,0,232,291
3/18/2021 4:00,22,0,0,120,141
3/19/2021 4:00,120,0,0,394,498
3/20/2021 4:00,24,0,0,47,71
3/21/2021 4:00,136,0,0,301,423
3/22/2021 4:00,121,0,0,242,347
3/23/2021 4:00,232,0,0,470,638
3/24/2021 4:00,224,0,0,305,497
3/25/2021 4:00,71,0,0,296,358
3/26/2021 4:00,331,0,0,463,745
3/27/2021 4:00,118,0,0,302,399
3/28/2021 4:00,193,0,0,314,481
3/29/2021 4:00,592,0,0,1258,1666
3/30/2021 4:00,476,0,0,926,1286
3/31/2021 4:00,554,0,0,1220,1600
4/1/2021 4:00,572,0,0,1241,1643
4/2/2021 4:00,281,0,0,823,1043
4/3/2021 4:00,331,0,0,706,950
4/4/2021 4:00,483,0,0,1296,1640
4/5/2021 4:00,341,0,0,828,1074
4/6/2021 4:00,515,0,0,1229,1583
4/7/2021 4:00,289,0,0,952,1140
4/8/2021 4:00,144,0,0,544,658
4/9/2021 4:00,312,0,0,742,979
4/10/2021 4:00,43,0,0,362,398
4/11/2021 4:00,108,0,0,372,462
4/12/2021 4:00,156,0,0,530,670
4/13/2021 4:00,104,0,0,188,289
4/14/2021 4:00,144,0,0,309,449
4/15/2021 4:00,60,0,0,369,422
4/16/2021 4:00,136,0,0,515,623
4/17/2021 4:00,63,0,0,562,611
4/18/2021 4:00,119,0,0,660,748
4/19/2021 4:00,24,0,0,363,386
4/20/2021 4:00,115,0,0,522,613
4/21/2021 4:00,29,0,0,365,391
4/22/2021 4:00,49,0,0,293,337
4/23/2021 4:00,148,0,0,478,603
4/24/2021 4:00,213,0,0,685,858
4/25/2021 4:00,142,0,0,618,739
4/26/2021 4:00,102,0,0,674,766
4/27/2021 4:00,506,0,0,605,1032
4/28/2021 4:00,385,0,0,721,1060
4/29/2021 4:00,79,0,0,297,372
4/30/2021 4:00,259,0,0,820,1021
5/1/2021 4:00,418,0,0,237,634
5/2/2021 4:00,366,0,0,162,514
5/3/2021 4:00,114,0,0,80,191
5/4/2021 4:00,628,0,0,251,837
5/5/2021 4:00,571,0,0,368,892
5/6/2021 4:00,182,0,0,470,645
5/7/2021 4:00,342,0,0,451,767
5/8/2021 4:00,223,0,0,171,383
5/9/2021 4:00,264,0,0,154,410
5/10/2021 4:00,263,0,0,282,533
5/11/2021 4:00,112,0,0,69,180
5/12/2021 4:00,668,0,0,381,1009
5/13/2021 4:00,2049,0,0,371,2328
5/14/2021 4:00,3083,0,0,537,3459
5/15/2021 4:00,1104,0,0,532,1599
5/16/2021 4:00,266,0,0,209,473
5/17/2021 4:00,233,0,0,257,485
5/18/2021 4:00,397,0,0,730,1080
5/19/2021 4:00,322,0,0,532,835
5/20/2021 4:00,254,0,0,866,1101
5/21/2021 4:00,211,0,0,367,563
5/22/2021 4:00,108,0,0,317,423
5/23/2021 4:00,124,0,0,521,636
5/24/2021 4:00,68,0,0,88,155
5/25/2021 4:00,150,0,0,818,944
5/26/2021 4:00,159,0,0,141,299
5/27/2021 4:00,414,0,0,145,555
5/28/2021 4:00,287,0,0,688,957
5/29/2021 4:00,368,0,0,221,585
5/30/2021 4:00,249,0,0,121,364
5/31/2021 4:00,309,0,0,315,611
6/1/2021 4:00,155,0,0,51,203
6/2/2021 4:00,158,0,0,120,274
6/3/2021 4:00,171,0,0,139,307
6/4/2021 4:00,170,0,0,294,457
6/5/2021 4:00,99,0,0,422,516
6/6/2021 4:00,213,0,0,635,832
6/7/2021 4:00,486,0,0,687,1120
6/8/2021 4:00,399,0,0,737,1102
6/9/2021 4:00,535,0,0,933,1403
6/10/2021 4:00,276,0,0,387,639
6/11/2021 4:00,440,0,0,590,995
6/12/2021 4:00,414,0,0,420,806
6/13/2021 4:00,566,0,0,306,852
6/14/2021 4:00,759,0,0,342,1075
6/15/2021 4:00,1052,0,0,586,1545
6/16/2021 4:00,1372,0,0,375,1688
6/17/2021 4:00,1438,0,0,792,2084
6/18/2021 4:00,2408,0,0,1017,3113
6/19/2021 4:00,1401,0,0,652,1940
6/20/2021 4:00,1517,0,0,782,2144
6/21/2021 4:00,1475,0,0,1188,2421
6/22/2021 4:00,853,0,0,744,1499
6/23/2021 4:00,287,0,0,246,527
6/24/2021 4:00,554,0,0,827,1296
6/25/2021 4:00,561,0,0,654,1154
6/26/2021 4:00,219,0,0,147,361
6/27/2021 4:00,820,0,0,536,1266
6/28/2021 4:00,967,0,0,543,1479
6/29/2021 4:00,684,0,0,575,1204
6/30/2021 4:00,778,0,0,365,1084
7/1/2021 4:00,839,0,0,590,1388
7/2/2021 4:00,1782,0,0,1478,2908
7/3/2021 4:00,2453,0,0,1107,3165
7/4/2021 4:00,2302,0,0,537,2664
7/5/2021 4:00,1661,0,0,574,2147
7/6/2021 4:00,1612,0,0,730,2176
7/7/2021 4:00,998,0,0,687,1582
7/8/2021 4:00,1027,0,0,607,1556
7/9/2021 4:00,743,0,0,552,1213
7/10/2021 4:00,442,0,0,220,650
7/11/2021 4:00,324,0,0,490,777
7/12/2021 4:00,303,0,0,429,726
7/13/2021 4:00,513,0,0,563,1033
7/14/2021 4:00,467,0,0,355,816
7/15/2021 4:00,433,0,0,659,1048
7/16/2021 4:00,310,0,0,637,936
7/17/2021 4:00,291,0,0,473,739
7/18/2021 4:00,355,0,0,525,860
7/19/2021 4:00,258,0,0,261,508
7/20/2021 4:00,179,0,0,309,486
7/21/2021 4:00,179,0,0,109,287
7/22/2021 4:00,187,0,0,644,816
7/23/2021 4:00,108,0,0,331,435
7/24/2021 4:00,198,0,0,363,532
7/25/2021 4:00,405,0,0,383,754
7/26/2021 4:00,427,0,0,297,713
7/27/2021 4:00,249,0,0,725,968
7/28/2021 4:00,957,0,0,201,1143
7/29/2021 4:00,2389,0,0,82,2453
7/30/2021 4:00,1684,0,0,45,1721
7/31/2021 4:00,2463,0,0,112,2533
8/1/2021 4:00,1798,0,0,316,2016
8/2/2021 4:00,889,0,0,89,973
8/3/2021 4:00,685,0,0,250,898
8/4/2021 4:00,1170,0,0,374,1431
8/5/2021 4:00,1935,0,0,442,2232
8/6/2021 4:00,1912,0,143,263,2242
8/7/2021 4:00,1873,0,553,103,2265
8/8/2021 4:00,1551,0,365,51,1860
8/9/2021 4:00,899,0,94,5,983
8/10/2021 4:00,1778,0,609,22,2205
8/11/2021 4:00,994,0,125,16,1120
8/12/2021 4:00,1370,0,1010,16,2177
8/13/2021 4:00,2138,0,1029,37,2854
8/14/2021 4:00,1604,0,247,25,1832
8/15/2021 4:00,2624,0,1146,51,3388
8/16/2021 4:00,1163,0,477,47,1654
8/17/2021 4:00,1592,0,1043,61,2474
8/18/2021 4:00,1061,0,969,98,2079
8/19/2021 4:00,1802,0,1497,122,3005
8/20/2021 4:00,866,0,438,59,1347
8/21/2021 4:00,1412,0,1469,151,2739
8/22/2021 4:00,1325,0,1409,178,2531
8/23/2021 4:00,734,0,940,128,1765
8/24/2021 4:00,346,0,808,100,1227
8/25/2021 4:00,437,0,635,56,1103
8/26/2021 4:00,285,0,436,57,758
8/27/2021 4:00,297,0,518,48,839
8/28/2021 4:00,302,0,171,17,484
8/29/2021 4:00,304,0,387,22,699
8/30/2021 4:00,309,0,646,34,967
8/31/2021 4:00,360,0,762,48,1143
9/1/2021 4:00,380,0,943,32,1329
9/2/2021 4:00,394,0,1749,103,2184
9/3/2021 4:00,389,0,1324,110,1777
9/4/2021 4:00,175,0,1150,142,1415
9/5/2021 4:00,544,0,1213,76,1736
9/6/2021 4:00,853,0,978,76,1838
9/7/2021 4:00,559,0,1320,249,2045
9/8/2021 4:00,594,0,948,176,1667
9/9/2021 4:00,580,0,774,117,1435
9/10/2021 4:00,525,0,2025,322,2748
9/11/2021 4:00,799,0,666,92,1507
9/12/2021 4:00,856,0,843,43,1671
9/13/2021 4:00,527,0,606,38,1134
9/14/2021 4:00,577,0,1166,52,1722
9/15/2021 4:00,632,0,1557,106,2207
9/16/2021 4:00,667,0,1717,85,2382
9/17/2021 4:00,391,0,1055,42,1425
9/18/2021 4:00,332,0,506,17,838
9/19/2021 4:00,189,0,878,48,1091
9/20/2021 4:00,319,0,914,45,1240
9/21/2021 4:00,306,0,974,29,1270
9/22/2021 4:00,516,0,1830,45,2288
9/23/2021 4:00,448,0,974,107,1392
9/24/2021 4:00,384,0,1032,36,1397
9/25/2021 4:00,263,0,468,26,739
9/26/2021 4:00,370,0,556,12,902
9/27/2021 4:00,312,0,755,37,1071
9/28/2021 4:00,358,0,681,26,1047
9/29/2021 4:00,522,0,1263,29,1768
9/30/2021 4:00,1107,0,1046,29,2089
10/1/2021 4:00,835,0,977,33,1766
10/2/2021 4:00,1084,0,1433,18,2424
10/3/2021 4:00,1093,0,1227,18,2236
10/4/2021 4:00,1578,0,818,14,2312
10/5/2021 4:00,1100,0,1417,20,2396
10/6/2021 4:00,1945,0,1114,16,2890
10/7/2021 4:00,1374,0,876,30,2218
10/8/2021 4:00,946,0,671,10,1563
10/9/2021 4:00,1414,0,891,38,2230
10/10/2021 4:00,1558,0,853,61,2285
10/11/2021 4:00,2914,0,1012,60,3553
10/12/2021 4:00,4951,0,840,16,5190
10/13/2021 4:00,5166,0,1568,90,5639
10/14/2021 4:00,2978,0,1393,160,4113
10/15/2021 4:00,1342,0,1233,130,2597
10/16/2021 4:00,849,0,638,42,1495
10/17/2021 4:00,494,0,1015,78,1532
10/18/2021 4:00,742,0,932,66,1712
10/19/2021 4:00,775,0,1774,72,2490
10/20/2021 4:00,680,0,1635,127,2308
10/21/2021 4:00,756,0,773,60,1497
10/22/2021 4:00,204,0,724,96,992
10/23/2021 4:00,501,0,509,33,1021
10/24/2021 4:00,169,0,772,87,1002
10/25/2021 4:00,333,0,1178,112,1568
10/26/2021 4:00,491,0,1284,176,1814
10/27/2021 4:00,395,0,1322,183,1804
10/28/2021 4:00,174,0,1251,96,1462
10/29/2021 4:00,239,0,705,103,1022
10/30/2021 4:00,209,0,767,89,1029
10/31/2021 4:00,144,0,837,108,1057
11/1/2021 4:00,167,0,808,101,1042
11/2/2021 4:00,260,0,533,100,863
11/3/2021 4:00,208,0,1269,167,1554
11/4/2021 4:00,199,0,765,102,1031
11/5/2021 4:00,188,0,486,45,702
11/6/2021 4:00,175,0,570,93,810
11/7/2021 4:00,161,0,982,98,1192
11/8/2021 5:00,269,0,1203,151,1534
11/9/2021 5:00,115,0,1402,175,1611
11/10/2021 5:00,117,0,1055,139,1255
11/11/2021 5:00,139,0,1434,193,1677
11/12/2021 5:00,141,0,1209,277,1534
11/13/2021 5:00,172,0,1098,266,1439
11/14/2021 5:00,183,0,1753,197,2023
11/15/2021 5:00,110,0,1121,246,1397
11/16/2021 5:00,174,0,1749,355,2123
11/17/2021 5:00,119,0,1260,328,1574
11/18/2021 5:00,89,0,1081,344,1415
11/19/2021 5:00,227,0,460,89,742
11/20/2021 5:00,319,0,924,74,1274
11/21/2021 5:00,295,0,232,37,552
11/22/2021 5:00,428,0,203,55,628
11/23/2021 5:00,498,0,120,19,625
11/24/2021 5:00,492,0,340,79,896
11/25/2021 5:00,349,0,1493,163,1938
11/26/2021 5:00,470,0,699,54,1170
11/27/2021 5:00,380,0,969,90,1378
11/28/2021 5:00,434,0,1077,95,1543
11/29/2021 5:00,297,0,647,44,971
11/30/2021 5:00,325,0,777,41,1114
12/1/2021 5:00,311,0,499,26,807
12/2/2021 5:00,263,0,153,101,431
12/3/2021 5:00,294,0,123,10,425
12/4/2021 5:00,263,0,278,43,573
12/5/2021 5:00,300,0,273,22,588
12/6/2021 5:00,449,0,805,63,1268
12/7/2021 5:00,589,0,516,37,1112
12/8/2021 5:00,629,0,352,29,997
12/9/2021 5:00,761,0,340,14,1087
12/10/2021 5:00,678,0,567,15,1227
12/11/2021 5:00,836,0,644,15,1481
12/12/2021 5:00,1027,0,1282,34,2242
12/13/2021 5:00,1113,0,1486,35,2472
12/14/2021 5:00,640,0,698,34,1337
12/15/2021 5:00,1061,0,1158,28,2182
12/16/2021 5:00,1103,0,1682,31,2705
12/17/2021 5:00,2673,0,1484,52,3785
12/18/2021 5:00,2526,0,1383,114,3640
12/19/2021 5:00,1747,0,1674,58,3247
12/20/2021 5:00,2494,0,2273,69,3963
12/21/2021 5:00,1256,0,1006,47,2190
12/22/2021 5:00,1666,0,1127,33,2565
12/23/2021 5:00,1039,0,1020,48,2049
12/24/2021 5:00,900,0,1755,58,2602
12/25/2021 5:00,850,0,1497,30,2236
12/26/2021 5:00,824,0,997,43,1790
12/27/2021 5:00,1148,0,767,40,1884
12/28/2021 5:00,2852,0,1323,45,3743
12/29/2021 5:00,2813,0,825,43,3418
12/30/2021 5:00,1965,0,854,21,2765
12/31/2021 5:00,668,0,675,29,1350
1/1/2022 5:00,444,0,1171,72,1656
1/2/2022 5:00,488,0,1644,122,2189
1/3/2022 5:00,424,0,1712,116,2163
1/4/2022 5:00,626,0,1901,145,2538
1/5/2022 5:00,482,0,1619,163,2166
1/6/2022 5:00,293,0,1226,78,1556
1/7/2022 5:00,698,0,2364,96,2947
1/8/2022 5:00,722,0,1930,65,2594
1/9/2022 5:00,363,0,1169,67,1563
1/10/2022 5:00,247,0,1294,60,1547
1/11/2022 5:00,239,0,1237,60,1497
1/12/2022 5:00,370,0,1164,16,1514
1/13/2022 5:00,466,0,1865,36,2293
1/14/2022 5:00,313,0,1014,27,1325
1/15/2022 5:00,304,0,1304,18,1580
1/16/2022 5:00,233,0,1905,28,2133
1/17/2022 5:00,316,0,1117,9,1420
1/18/2022 5:00,382,0,3220,42,3506
1/19/2022 5:00,503,0,3441,58,3713
1/20/2022 5:00,228,0,3170,137,3440
1/21/2022 5:00,199,0,2227,118,2494
1/22/2022 5:00,205,0,2191,63,2423
1/23/2022 5:00,266,0,977,94,1247
1/24/2022 5:00,231,0,1237,31,1457
1/25/2022 5:00,356,0,2538,58,2844
1/26/2022 5:00,527,0,925,33,1438
1/27/2022 5:00,717,0,1545,35,2201
1/28/2022 5:00,704,0,1133,24,1822
1/29/2022 5:00,592,0,812,18,1388
1/30/2022 5:00,607,0,1363,24,1953
1/31/2022 5:00,595,0,1275,13,1831
2/1/2022 5:00,674,0,883,18,1535
2/2/2022 5:00,849,0,2225,20,2932
2/3/2022 5:00,710,0,1131,9,1806
2/4/2022 5:00,596,0,1710,15,2217
2/5/2022 5:00,622,0,1541,12,2116
2/6/2022 5:00,1091,0,1772,26,2778
2/7/2022 5:00,2323,0,1078,8,3104
2/8/2022 5:00,1711,0,1210,25,2824
2/9/2022 5:00,1522,0,2050,32,3442
2/10/2022 5:00,647,0,1198,33,1828
2/11/2022 5:00,779,0,1384,20,2091
2/12/2022 5:00,683,0,827,16,1476
2/13/2022 5:00,509,0,590,19,1077
2/14/2022 5:00,472,0,1435,25,1863
2/15/2022 5:00,644,0,2443,54,3020
2/16/2022 5:00,613,0,2458,58,2912
2/17/2022 5:00,444,0,2099,49,2505
2/18/2022 5:00,667,0,1598,36,2235
2/19/2022 5:00,861,0,1211,14,1992
2/20/2022 5:00,1410,0,963,20,2237
2/21/2022 5:00,1939,0,1888,36,3629
2/22/2022 5:00,1581,0,2365,22,3459
2/23/2022 5:00,856,0,3422,34,4042
2/24/2022 5:00,948,0,2743,35,3470
2/25/2022 5:00,649,0,1781,13,2304
2/26/2022 5:00,731,0,1855,14,2498
2/27/2022 5:00,1038,0,2749,24,3511
2/28/2022 5:00,1041,0,4220,34,4618
3/1/2022 5:00,3155,0,4641,43,5295
3/2/2022 5:00,4516,0,4406,22,5754
3/3/2022 5:00,3101,0,3690,28,5423
3/4/2022 5:00,1936,0,3641,18,4602
3/5/2022 5:00,1070,0,2612,18,3194
3/6/2022 5:00,745,0,2240,17,2861
3/7/2022 5:00,1003,0,3101,6,3703
3/8/2022 5:00,1045,0,2730,35,3466
3/9/2022 5:00,973,0,3428,30,3837
3/10/2022 5:00,1041,0,3056,11,3523
3/11/2022 5:00,636,0,1926,13,2370
3/12/2022 5:00,663,0,1420,16,2008
3/13/2022 5:00,716,0,1111,5,1771
3/14/2022 4:00,2150,0,2847,2,4102
3/15/2022 4:00,3701,0,2605,132,5107
3/16/2022 4:00,1712,0,894,9,2503
3/17/2022 4:00,1652,0,1943,21,3329
3/18/2022 4:00,873,0,1607,13,2351
3/19/2022 4:00,1191,0,1894,11,2766
3/20/2022 4:00,796,0,1067,10,1751
3/21/2022 4:00,972,0,1213,13,2030
3/22/2022 4:00,1242,0,1210,8,2294
3/23/2022 4:00,815,0,1315,13,2068
3/24/2022 4:00,822,0,1293,16,2015
3/25/2022 4:00,770,0,1767,11,2385
3/26/2022 4:00,790,0,795,4,1535
3/27/2022 4:00,560,0,1229,13,1737
3/28/2022 4:00,1067,0,1026,5,2028
3/29/2022 4:00,1202,0,1227,10,2373
3/30/2022 4:00,1036,0,805,5,1803
3/31/2022 4:00,995,0,685,6,1638
4/1/2022 4:00,1010,0,1140,25,2094
4/2/2022 4:00,1309,0,236,67,1530
4/3/2022 4:00,3739,0,1314,6,4444
4/4/2022 4:00,3191,0,615,10,3457
4/5/2022 4:00,2121,0,691,16,2740
4/6/2022 4:00,1041,0,1100,18,2073
4/7/2022 4:00,976,0,1155,43,2066
4/8/2022 4:00,797,0,564,51,1364
4/9/2022 4:00,819,0,581,25,1373
4/10/2022 4:00,1027,0,685,20,1671
4/11/2022 4:00,941,0,561,12,1456
4/12/2022 4:00,880,0,485,19,1344
4/13/2022 4:00,942,0,719,20,1630
4/14/2022 4:00,2514,0,454,30,2869
4/15/2022 4:00,4710,0,1969,27,5248
4/16/2022 4:00,3925,0,1071,9,4538
4/17/2022 4:00,3096,0,1035,18,3820
4/18/2022 4:00,1450,0,1003,17,2352
4/19/2022 4:00,1406,0,1631,25,2813
4/20/2022 4:00,1061,0,814,10,1814
4/21/2022 4:00,1386,0,2325,11,3251
4/22/2022 4:00,657,0,1268,19,1864
4/23/2022 4:00,833,0,912,4,1680
4/24/2022 4:00,591,0,1004,5,1539
4/25/2022 4:00,648,0,1012,4,1596
4/26/2022 4:00,955,0,563,58,1412
4/27/2022 4:00,2576,0,2308,12,4195
4/28/2022 4:00,1109,0,926,10,1959
4/29/2022 4:00,890,0,1220,18,2065
4/30/2022 4:00,934,0,1183,23,2055
5/1/2022 4:00,1015,0,1272,44,2243
5/2/2022 4:00,831,0,1236,28,2007
5/3/2022 4:00,789,0,1239,29,1968
5/4/2022 4:00,527,0,650,5,1137
5/5/2022 4:00,711,0,948,4,1603
5/6/2022 4:00,431,0,1553,12,1929
5/7/2022 4:00,456,0,1036,9,1448
5/8/2022 4:00,503,0,1353,3,1791
5/9/2022 4:00,407,0,1476,4,1831
5/10/2022 4:00,597,0,2836,3,3263
5/11/2022 4:00,510,0,1947,9,2368
5/12/2022 4:00,470,0,630,82,1085
5/13/2022 4:00,1623,0,2542,4,3594
5/14/2022 4:00,1351,0,2177,26,3336
5/15/2022 4:00,1332,0,1973,25,3033
5/16/2022 4:00,1042,0,1767,37,2692
5/17/2022 4:00,1312,0,2040,42,2965
5/18/2022 4:00,908,0,1450,31,2238
5/19/2022 4:00,903,0,1608,14,2346
5/20/2022 4:00,742,0,1549,15,2187
5/21/2022 4:00,818,0,1424,17,2140
5/22/2022 4:00,955,0,1212,5,2075
5/23/2022 4:00,1059,0,1609,9,2567
5/24/2022 4:00,966,0,1411,10,2294
5/25/2022 4:00,1770,0,1290,5,2966
5/26/2022 4:00,1461,0,939,8,2247
5/27/2022 4:00,1696,0,1596,11,3119
5/28/2022 4:00,1970,0,1509,18,3296
5/29/2022 4:00,1273,0,1487,25,2617
5/30/2022 4:00,2369,0,4106,22,5013
5/31/2022 4:00,4666,0,4061,14,5620
6/1/2022 4:00,5864,0,4022,10,6079
6/2/2022 4:00,5677,0,3925,11,6049
6/3/2022 4:00,5875,0,4864,45,6096
6/4/2022 4:00,4415,0,5394,14,6096
6/5/2022 4:00,3091,0,4547,27,5527
6/6/2022 4:00,1017,0,2245,46,3102
6/7/2022 4:00,428,0,1777,38,2164
6/8/2022 4:00,513,0,2384,48,2837
6/9/2022 4:00,386,0,1735,46,2104
6/10/2022 4:00,360,0,1487,24,1789
6/11/2022 4:00,178,0,282,14,466
6/12/2022 4:00,346,0,291,42,619
6/13/2022 4:00,501,0,4014,9,4262
6/14/2022 4:00,1158,0,3714,39,4310
6/15/2022 4:00,999,0,3969,38,4370
6/16/2022 4:00,455,0,1090,23,1501
6/17/2022 4:00,264,0,1525,30,1742
6/18/2022 4:00,591,0,1808,18,2233
6/19/2022 4:00,156,0,429,7,575
6/20/2022 4:00,203,0,456,15,662
6/21/2022 4:00,122,0,459,16,589
6/22/2022 4:00,270,0,598,10,863
6/23/2022 4:00,156,0,513,8,658
6/24/2022 4:00,160,0,465,20,638
6/25/2022 4:00,137,0,551,7,688
6/26/2022 4:00,318,0,596,32,903
6/27/2022 4:00,402,0,737,9,1098
6/28/2022 4:00,808,0,1872,16,2578
6/29/2022 4:00,682,0,1870,15,2466
6/30/2022 4:00,413,0,1505,22,1882
7/1/2022 4:00,475,0,1727,36,2135
7/2/2022 4:00,492,0,973,16,1387
7/3/2022 4:00,395,0,913,18,1267
7/4/2022 4:00,336,0,572,16,909
7/5/2022 4:00,311,0,612,14,907
7/6/2022 4:00,306,0,384,3,681
7/7/2022 4:00,309,0,676,11,972
7/8/2022 4:00,360,0,834,4,1170
7/9/2022 4:00,253,0,484,1,729
7/10/2022 4:00,306,0,815,7,1114
7/11/2022 4:00,382,0,1263,11,1630
7/12/2022 4:00,887,0,941,48,1721
7/13/2022 4:00,1289,0,1749,14,2758
7/14/2022 4:00,700,0,1778,61,2465
7/15/2022 4:00,786,0,2984,54,3608
7/16/2022 4:00,881,0,2481,40,3120
7/17/2022 4:00,688,0,1526,31,2146
7/18/2022 4:00,1029,0,2189,63,3000
7/19/2022 4:00,614,0,1540,31,2061
7/20/2022 4:00,616,0,740,54,1313
7/21/2022 4:00,1304,0,1596,26,2722
7/22/2022 4:00,1137,0,1332,35,2305
7/23/2022 4:00,1747,0,741,13,2369
7/24/2022 4:00,1057,0,466,13,1484
7/25/2022 4:00,1337,0,415,12,1715
7/26/2022 4:00,831,0,677,24,1466
7/27/2022 4:00,1245,0,618,40,1777
7/28/2022 4:00,1275,0,1638,17,2709
7/29/2022 4:00,1025,0,1325,12,2234
7/30/2022 4:00,670,0,1134,9,1752
7/31/2022 4:00,746,0,1234,14,1909
8/1/2022 4:00,1042,0,964,8,1918
8/2/2022 4:00,884,0,991,3,1799
8/3/2022 4:00,1067,0,988,12,1969
8/4/2022 4:00,741,0,1120,8,1805
8/5/2022 4:00,728,0,1166,9,1846
8/6/2022 4:00,947,0,1771,6,2569
8/7/2022 4:00,1006,0,786,33,1743
8/8/2022 4:00,1004,0,1560,10,2429
8/9/2022 4:00,717,0,1836,20,2486
8/10/2022 4:00,1218,0,2992,21,3799
8/11/2022 4:00,1095,0,2054,22,3004
8/12/2022 4:00,1902,0,2824,13,4222
8/13/2022 4:00,1218,0,1995,16,3012
8/14/2022 4:00,1029,0,1733,15,2640
8/15/2022 4:00,991,0,2013,10,2797
8/16/2022 4:00,474,0,1415,10,1850
8/17/2022 4:00,443,0,1424,12,1836
8/18/2022 4:00,342,0,681,5,1014
8/19/2022 4:00,322,0,1167,13,1470
8/20/2022 4:00,313,0,824,9,1126
8/21/2022 4:00,403,0,698,3,1089
8/22/2022 4:00,1079,0,465,7,1509
8/23/2022 4:00,1222,0,740,6,1892
8/24/2022 4:00,1344,0,1068,13,2329
8/25/2022 4:00,1346,0,2338,14,3481
8/26/2022 4:00,1003,0,2626,37,3421
8/27/2022 4:00,951,0,3815,28,4530
8/28/2022 4:00,1585,0,3465,18,4571
8/29/2022 4:00,1625,0,3093,6,4184
8/30/2022 4:00,2094,0,3242,11,4682
8/31/2022 4:00,1871,0,3039,8,4348
9/1/2022 4:00,1611,0,3766,23,4579
9/2/2022 4:00,1294,0,3420,14,4207
9/3/2022 4:00,941,0,2025,9,2847
9/4/2022 4:00,1776,0,2261,30,3762
9/5/2022 4:00,2356,0,3251,13,4800
9/6/2022 4:00,2970,0,3718,13,5257
9/7/2022 4:00,2228,0,3361,11,4665
9/8/2022 4:00,1880,0,3192,14,4458
9/9/2022 4:00,1599,0,2706,13,3901
9/10/2022 4:00,1222,0,2480,3,3505
9/11/2022 4:00,1118,0,2713,17,3665
9/12/2022 4:00,1486,0,2331,40,3416
9/13/2022 4:00,2715,0,3222,22,4929
9/14/2022 4:00,3241,0,3974,20,5415
9/15/2022 4:00,1937,0,4276,13,5409
9/16/2022 4:00,1713,0,3699,16,4774
9/17/2022 4:00,1293,0,2068,3,3035
9/18/2022 4:00,983,0,1454,2,2331
9/19/2022 4:00,800,0,2794,5,3430
9/20/2022 4:00,724,0,2124,5,2742
9/21/2022 4:00,996,0,2409,31,3171
9/22/2022 4:00,1565,0,4126,9,4860
9/23/2022 4:00,2365,0,3762,17,4841
9/24/2022 4:00,3900,0,4398,24,5516
9/25/2022 4:00,2711,0,3440,24,4835
9/26/2022 4:00,2128,0,4076,39,5082
9/27/2022 4:00,1045,0,2277,17,3103
9/28/2022 4:00,549,0,1362,24,1838
9/29/2022 4:00,786,0,2136,16,2777
9/30/2022 4:00,1014,0,2167,11,2942
10/1/2022 4:00,1679,0,3883,35,4747
10/2/2022 4:00,2754,0,5282,48,5966
10/3/2022 4:00,2604,0,4089,14,5446
10/4/2022 4:00,2905,0,4374,23,5521
10/5/2022 4:00,2680,0,5699,27,5980
10/6/2022 4:00,2101,0,4737,38,5437
10/7/2022 4:00,3182,0,5520,33,5938
10/8/2022 4:00,2759,0,4970,43,5184
10/9/2022 4:00,919,0,3313,25,3979
10/10/2022 4:00,906,0,1418,43,2235
10/11/2022 4:00,1005,0,2082,22,2811
10/12/2022 4:00,1167,0,2041,10,2986
10/13/2022 4:00,888,0,1427,13,2202
10/14/2022 4:00,799,0,998,11,1701
10/15/2022 4:00,571,0,421,5,956
10/16/2022 4:00,430,0,550,18,956
10/17/2022 4:00,337,0,832,3,1136
10/18/2022 4:00,403,0,925,7,1287
10/19/2022 4:00,463,0,904,6,1342
10/20/2022 4:00,2150,0,1512,8,3321
10/21/2022 4:00,5309,0,2930,2,5723
10/22/2022 4:00,5920,0,3743,6,6033
10/23/2022 4:00,5157,0,3669,49,5513
10/24/2022 4:00,2688,0,2710,69,4590
10/25/2022 4:00,1110,0,2977,67,3755
10/26/2022 4:00,475,0,1847,44,2246
10/27/2022 4:00,341,0,1105,22,1401
10/28/2022 4:00,136,0,408,8,546
10/29/2022 4:00,342,0,371,71,713
10/30/2022 4:00,1121,0,811,2,1819
10/31/2022 4:00,443,0,672,7,1080
11/1/2022 4:00,302,0,311,4,603
11/2/2022 4:00,291,0,302,4,581
11/3/2022 4:00,267,0,460,10,720
11/4/2022 4:00,348,0,212,3,554
11/5/2022 4:00,153,0,137,3,289
11/6/2022 4:00,283,0,248,3,526
11/7/2022 5:00,202,0,402,4,596
11/8/2022 5:00,209,0,714,8,923
11/9/2022 5:00,243,0,259,4,501
11/10/2022 5:00,126,0,471,7,601
11/11/2022 5:00,300,0,359,17,650
11/12/2022 5:00,603,0,439,7,1010
11/13/2022 5:00,669,0,795,22,1431
11/14/2022 5:00,500,0,1108,14,1574
11/15/2022 5:00,267,0,542,13,813
11/16/2022 5:00,307,0,496,11,795
11/17/2022 5:00,171,0,599,11,769
11/18/2022 5:00,371,0,808,13,1156
11/19/2022 5:00,205,0,705,14,911
11/20/2022 5:00,682,0,846,28,1469
11/21/2022 5:00,690,0,1517,28,2160
11/22/2022 5:00,444,0,1142,36,1573
11/23/2022 5:00,282,0,814,13,1082
11/24/2022 5:00,411,0,921,5,1306
11/25/2022 5:00,591,0,1173,8,1698
11/26/2022 5:00,280,0,887,13,1156
11/27/2022 5:00,566,0,603,33,1129
11/28/2022 5:00,451,0,1861,5,2247
11/29/2022 5:00,688,0,1771,5,2371
11/30/2022 5:00,712,0,1492,7,2123
12/1/2022 5:00,293,0,725,4,1009
12/2/2022 5:00,505,0,390,0,864
12/3/2022 5:00,931,0,747,3,1631
12/4/2022 5:00,1254,0,723,38,1901
12/5/2022 5:00,1669,0,1708,8,3194
12/6/2022 5:00,1726,0,2107,4,3341
12/7/2022 5:00,967,0,2154,5,2984
12/8/2022 5:00,613,0,1830,2,2360
12/9/2022 5:00,738,0,1823,2,2446
12/10/2022 5:00,754,0,1824,5,2468
12/11/2022 5:00,1182,0,1900,9,2888
12/12/2022 5:00,1734,0,2897,9,4019
12/13/2022 5:00,1381,0,2786,5,3888
12/14/2022 5:00,1321,0,2823,13,3900
12/15/2022 5:00,1206,0,2677,3,3598
12/16/2022 5:00,1493,0,3065,3,4141
12/17/2022 5:00,2175,0,1452,55,3410
12/18/2022 5:00,1807,0,2093,3,3462
12/19/2022 5:00,1746,0,2461,1,3706
12/20/2022 5:00,1323,0,1863,3,2969
12/21/2022 5:00,1218,0,1621,4,2674
12/22/2022 5:00,1480,0,2123,5,3290
12/23/2022 5:00,1037,0,1222,0,2127
12/24/2022 5:00,2158,0,1490,0,3330
12/25/2022 5:00,1952,0,1670,4,3212
12/26/2022 5:00,1728,0,1728,3,3169
12/27/2022 5:00,996,0,1849,7,2692
12/28/2022 5:00,737,0,1376,2,2017
12/29/2022 5:00,552,0,987,26,1487
12/30/2022 5:00,619,0,1613,7,2124
12/31/2022 5:00,1842,0,3014,9,4128
1/1/2023 5:00,2333,0,2183,6,4076
1/2/2023 5:00,2736,0,3004,9,4929
1/3/2023 5:00,2958,0,2923,7,4785
1/4/2023 5:00,3173,0,3725,7,5464
1/5/2023 5:00,2774,0,4162,11,5589
1/6/2023 5:00,1694,0,2972,4,4144
1/7/2023 5:00,1243,0,1773,41,2851
1/8/2023 5:00,1937,0,3568,2,4659
1/9/2023 5:00,2190,0,4379,12,5357
1/10/2023 5:00,2498,0,4219,6,5446
1/11/2023 5:00,1924,0,3024,5,4482
1/12/2023 5:00,1352,0,2158,5,3272
1/13/2023 5:00,1703,0,2196,6,3552
1/14/2023 5:00,881,0,1696,3,2456
1/15/2023 5:00,2559,0,3481,17,5004
1/16/2023 5:00,2713,0,5006,17,5692
1/17/2023 5:00,2880,0,4679,21,5472
1/18/2023 5:00,2782,0,4476,27,5438
1/19/2023 5:00,2376,0,4669,26,5537
1/20/2023 5:00,2681,0,4661,16,5333
1/21/2023 5:00,1755,0,3679,12,4631
1/22/2023 5:00,881,0,2282,7,2963
1/23/2023 5:00,737,0,1829,7,2440
1/24/2023 5:00,577,0,2110,6,2554
1/25/2023 5:00,1797,0,3426,11,4398
1/26/2023 5:00,926,0,1819,6,2612
1/27/2023 5:00,638,0,1673,13,2235
1/28/2023 5:00,445,0,914,7,1320
1/29/2023 5:00,585,0,819,13,1354
1/30/2023 5:00,603,0,1446,5,1970
1/31/2023 5:00,1136,0,2043,17,3000
2/1/2023 5:00,789,0,1470,1,2147
2/2/2023 5:00,859,0,1584,5,2320
2/3/2023 5:00,549,0,1620,5,2111
2/4/2023 5:00,469,0,1019,5,1443
2/5/2023 5:00,383,0,1163,1,1500
2/6/2023 5:00,733,0,1114,6,1788
2/7/2023 5:00,820,0,1422,26,2136
2/8/2023 5:00,1808,0,2405,6,3864
2/9/2023 5:00,967,0,2145,4,2947
2/10/2023 5:00,996,0,2219,6,3068
2/11/2023 5:00,518,0,1489,1,1919
2/12/2023 5:00,574,0,1793,1,2296
2/13/2023 5:00,698,0,1576,3,2173
2/14/2023 5:00,1050,0,2155,6,3001
2/15/2023 5:00,910,0,1804,3,2550
2/16/2023 5:00,530,0,1564,4,2009
2/17/2023 5:00,909,0,2795,4,3518
2/18/2023 5:00,835,0,1995,5,2714
2/19/2023 5:00,873,0,2641,9,3323
2/20/2023 5:00,1799,0,3243,6,4392
2/21/2023 5:00,1993,0,3804,9,5025
2/22/2023 5:00,1571,0,3293,5,4486
2/23/2023 5:00,1719,0,3454,7,4581
2/24/2023 5:00,1354,0,3243,10,4115
2/25/2023 5:00,709,0,1945,4,2497
2/26/2023 5:00,581,0,1694,4,2185
2/27/2023 5:00,580,0,1795,6,2283
2/28/2023 5:00,1062,0,1574,6,2494
3/1/2023 5:00,1043,0,2116,8,2968
3/2/2023 5:00,676,0,1524,4,2114
3/3/2023 5:00,873,0,2562,3,3258
3/4/2023 5:00,377,0,1301,1,1634
3/5/2023 5:00,399,0,1359,1,1703
3/6/2023 5:00,453,0,1366,3,1755
3/7/2023 5:00,458,0,825,3,1241
3/8/2023 5:00,486,0,981,15,1421
3/9/2023 5:00,698,0,1913,6,2514
3/10/2023 5:00,488,0,1637,5,2058
3/11/2023 5:00,416,0,1208,7,1582
3/12/2023 5:00,324,0,843,1,1132
3/13/2023 4:00,375,0,1163,3,1483
3/14/2023 4:00,345,0,1329,4,1636
3/15/2023 4:00,419,0,1282,2,1649
3/16/2023 4:00,310,0,1126,5,1408
3/17/2023 4:00,519,0,1267,6,1716
3/18/2023 4:00,592,0,1234,10,1764
3/19/2023 4:00,481,0,1501,3,1916
3/20/2023 4:00,481,0,2009,2,2412
3/21/2023 4:00,531,0,1765,5,2232
3/22/2023 4:00,659,0,2198,4,2740
3/23/2023 4:00,454,0,1837,8,2215
3/24/2023 4:00,542,0,1768,3,2232
3/25/2023 4:00,432,0,1652,7,2016
3/26/2023 4:00,468,0,1763,0,2147
3/27/2023 4:00,533,0,1518,7,1995
3/28/2023 4:00,565,0,1976,5,2476
3/29/2023 4:00,578,0,1871,5,2376
3/30/2023 4:00,843,0,2727,2,3394
3/31/2023 4:00,1241,0,3461,9,4287
4/1/2023 4:00,1069,0,3877,11,4598
4/2/2023 4:00,1626,0,4201,21,5075
4/3/2023 4:00,1900,0,5034,11,5873
4/4/2023 4:00,1285,0,4245,11,5095
4/5/2023 4:00,1125,0,4285,2,4944
4/6/2023 4:00,1076,0,4659,9,5144
4/7/2023 4:00,569,0,4099,4,4484
4/8/2023 4:00,960,0,3545,39,4236
4/9/2023 4:00,1122,0,4509,8,5095
4/10/2023 4:00,1304,0,4492,5,5303
4/11/2023 4:00,2216,0,4838,10,5507
4/12/2023 4:00,1628,0,3648,8,4729
4/13/2023 4:00,1413,0,3594,9,4513
4/14/2023 4:00,1129,0,3047,1,3808
4/15/2023 4:00,1722,0,4132,8,5175
4/16/2023 4:00,1553,0,4114,4,5043
4/17/2023 4:00,1781,0,3231,6,4488
4/18/2023 4:00,1605,0,4017,0,5104
4/19/2023 4:00,1289,0,2255,23,3311
4/20/2023 4:00,1053,0,2336,7,3205
4/21/2023 4:00,1166,0,2183,6,3169
4/22/2023 4:00,1424,0,2235,1,3411
4/23/2023 4:00,1184,0,1856,3,2803
4/24/2023 4:00,1059,0,1691,5,2612
4/25/2023 4:00,1066,0,2193,1,3069
4/26/2023 4:00,1013,0,1801,5,2671
4/27/2023 4:00,1066,0,1834,6,2744
4/28/2023 4:00,1214,0,1668,5,2736
4/29/2023 4:00,1315,0,1518,10,2674
4/30/2023 4:00,928,0,1790,9,2586
5/1/2023 4:00,938,0,2500,16,3280
5/2/2023 4:00,622,0,2074,12,2614
5/3/2023 4:00,617,0,1739,7,2269
5/4/2023 4:00,594,0,1158,12,1688
5/5/2023 4:00,529,0,984,17,1472
5/6/2023 4:00,663,0,1160,6,1736
5/7/2023 4:00,619,0,987,3,1555
5/8/2023 4:00,900,0,1433,11,2216
5/9/2023 4:00,677,0,1117,10,1746
5/10/2023 4:00,653,0,1095,9,1695
5/11/2023 4:00,589,0,988,0,1531
5/12/2023 4:00,759,0,775,48,1489
5/13/2023 4:00,582,0,651,2,1201
5/14/2023 4:00,933,0,845,6,1721
5/15/2023 4:00,1103,0,1164,3,2156
5/16/2023 4:00,671,0,1257,5,1874
5/17/2023 4:00,788,0,1271,17,1996
5/18/2023 4:00,1052,0,1268,1,2217
5/19/2023 4:00,1655,0,1221,4,2724
5/20/2023 4:00,1726,0,1283,6,2862
5/21/2023 4:00,1322,0,1499,6,2688
5/22/2023 4:00,874,0,616,5,1438
5/23/2023 4:00,702,0,473,2,1149
5/24/2023 4:00,769,0,643,1,1380
5/25/2023 4:00,933,0,633,3,1518
5/26/2023 4:00,1998,0,1863,3,3592
5/27/2023 4:00,2239,0,2603,20,4325
5/28/2023 4:00,2077,0,2196,19,3861
5/29/2023 4:00,696,0,466,18,1141
5/30/2023 4:00,674,0,450,3,1106
5/31/2023 4:00,762,0,778,11,1467
6/1/2023 4:00,1394,0,489,3,1822
6/2/2023 4:00,2015,0,714,1,2595
6/3/2023 4:00,1664,0,935,6,2452
6/4/2023 4:00,1589,0,1673,9,3108
6/5/2023 4:00,1758,0,1218,14,2839
6/6/2023 4:00,1102,0,370,7,1432
6/7/2023 4:00,1541,0,785,2,2219
6/8/2023 4:00,1235,0,630,0,1789
6/9/2023 4:00,737,0,308,4,1019
6/10/2023 4:00,1006,0,1032,3,1965
6/11/2023 4:00,1010,0,1321,2,2231
6/12/2023 4:00,1767,0,1894,30,3381
6/13/2023 4:00,1308,0,1518,11,2717
6/14/2023 4:00,995,0,853,7,1794
6/15/2023 4:00,694,0,398,2,1068
6/16/2023 4:00,507,0,398,2,888
6/17/2023 4:00,716,0,325,5,1019
6/18/2023 4:00,660,0,372,0,1005
6/19/2023 4:00,967,0,890,7,1790
6/20/2023 4:00,1661,0,1447,7,2928
6/21/2023 4:00,982,0,754,2,1693
6/22/2023 4:00,897,0,637,2,1490
6/23/2023 4:00,865,0,533,2,1361
6/24/2023 4:00,1340,0,731,2,1983
6/25/2023 4:00,1857,0,1273,1,2837
6/26/2023 4:00,1116,0,1272,3,2282
6/27/2023 4:00,1012,0,1198,3,2135
6/28/2023 4:00,1087,0,1293,5,2282
6/29/2023 4:00,1961,0,1461,2,3196
6/30/2023 4:00,2653,0,1875,3,4103
7/1/2023 4:00,1129,0,1145,1,2177
7/2/2023 4:00,876,0,1118,8,1936
7/3/2023 4:00,1154,0,1130,5,2212
7/4/2023 4:00,1198,0,994,4,2082
7/5/2023 4:00,915,0,749,1,1615
7/6/2023 4:00,998,0,616,3,1532
7/7/2023 4:00,1077,0,738,0,1738
7/8/2023 4:00,1249,0,984,55,2147
7/9/2023 4:00,1274,0,1202,7,2363
7/10/2023 4:00,1011,0,997,3,1937
7/11/2023 4:00,733,0,444,1,1130
7/12/2023 4:00,791,0,463,1,1219
7/13/2023 4:00,610,0,505,2,1093
7/14/2023 4:00,427,0,254,0,667
7/15/2023 4:00,631,0,301,2,899
7/16/2023 4:00,1324,0,478,1,1754
7/17/2023 4:00,1287,0,483,1,1731
7/18/2023 4:00,1186,0,712,6,1834
7/19/2023 4:00,1328,0,914,28,2144
7/20/2023 4:00,1042,0,1167,2,2124
7/21/2023 4:00,1143,0,749,0,1821
7/22/2023 4:00,1644,0,1359,2,2839
7/23/2023 4:00,1396,0,850,0,2146
7/24/2023 4:00,1176,0,849,2,1933
7/25/2023 4:00,1170,0,948,0,2043
7/26/2023 4:00,1089,0,711,0,1739
7/27/2023 4:00,850,0,563,1,1359
7/28/2023 4:00,1087,0,1624,2,2580
7/29/2023 4:00,2016,0,1083,26,2975
7/30/2023 4:00,3587,0,1557,1,4717
7/31/2023 4:00,3548,0,2078,12,4787
8/1/2023 4:00,1551,0,774,4,2251
8/2/2023 4:00,1157,0,529,1,1642
8/3/2023 4:00,808,0,305,1,1078
8/4/2023 4:00,555,0,160,0,703
8/5/2023 4:00,466,0,127,0,584
8/6/2023 4:00,328,0,103,1,429
8/7/2023 4:00,292,0,286,4,576
8/8/2023 4:00,610,0,277,3,863
8/9/2023 4:00,873,0,370,1,1210
8/10/2023 4:00,840,0,312,3,1130
8/11/2023 4:00,736,0,321,0,1041
8/12/2023 4:00,754,0,388,2,1118
8/13/2023 4:00,803,0,288,2,1074
8/14/2023 4:00,996,0,298,1,1254
8/15/2023 4:00,1353,0,554,3,1845
8/16/2023 4:00,1152,0,639,0,1713
8/17/2023 4:00,1227,0,554,1,1718
8/18/2023 4:00,1082,0,501,1,1525
8/19/2023 4:00,1005,0,725,1,1688
8/20/2023 4:00,1052,0,533,3,1524
8/21/2023 4:00,1497,0,622,1,2043
8/22/2023 4:00,1181,0,1134,1,2234
8/23/2023 4:00,1770,0,1515,0,3127
8/24/2023 4:00,2262,0,2060,4,3988
8/25/2023 4:00,1531,0,1152,2,2539
8/26/2023 4:00,1881,0,1976,3,3552
8/27/2023 4:00,1995,0,2129,11,3892
8/28/2023 4:00,1560,0,1393,5,2808
8/29/2023 4:00,1599,0,1171,5,2630
8/30/2023 4:00,1493,0,686,0,2089
8/31/2023 4:00,1765,0,1044,2,2646
9/1/2023 4:00,2362,0,1223,0,3369
9/2/2023 4:00,2687,0,3384,9,5025
9/3/2023 4:00,1758,0,2435,6,3707
9/4/2023 4:00,1161,0,1289,4,2339
9/5/2023 4:00,989,0,841,1,1756
9/6/2023 4:00,867,0,517,2,1336
9/7/2023 4:00,720,0,588,1,1262
9/8/2023 4:00,480,0,316,0,776
9/9/2023 4:00,854,0,388,0,1203
9/10/2023 4:00,738,0,813,6,1495
9/11/2023 4:00,776,0,761,1,1491
9/12/2023 4:00,746,0,571,1,1273
9/13/2023 4:00,931,0,751,1,1611
9/14/2023 4:00,1012,0,537,3,1496
9/15/2023 4:00,792,0,493,1,1250
9/16/2023 4:00,1105,0,504,0,1563
9/17/2023 4:00,2403,0,1127,2,3276
9/18/2023 4:00,1405,0,926,2,2207
9/19/2023 4:00,861,0,439,0,1263
9/20/2023 4:00,1144,0,654,1,1726
9/21/2023 4:00,1018,0,733,1,1710
9/22/2023 4:00,1202,0,661,2,1803
9/23/2023 4:00,2127,0,894,2,2882
9/24/2023 4:00,2005,0,1379,4,3197
9/25/2023 4:00,2000,0,1072,2,2881
9/26/2023 4:00,1660,0,1015,4,2530
9/27/2023 4:00,1100,0,759,0,1777
9/28/2023 4:00,1299,0,707,4,1903
9/29/2023 4:00,2033,0,1136,21,2948
9/30/2023 4:00,1860,0,1040,1,2704
10/1/2023 4:00,1464,0,1065,2,2395
10/2/2023 4:00,1077,0,652,1,1655
10/3/2023 4:00,862,0,497,1,1300
10/4/2023 4:00,893,0,529,0,1366
10/5/2023 4:00,1317,0,616,0,1845
10/6/2023 4:00,969,0,463,0,1384
10/7/2023 4:00,843,0,674,2,1470
10/8/2023 4:00,1147,0,1145,5,2193
10/9/2023 4:00,1044,0,757,1,1736
10/10/2023 4:00,1158,0,798,2,1874
10/11/2023 4:00,884,0,478,3,1331
10/12/2023 4:00,1245,0,590,0,1751
10/13/2023 4:00,1046,0,461,0,1460
10/14/2023 4:00,1494,0,651,0,2038
10/15/2023 4:00,1681,0,1290,3,2817
10/16/2023 4:00,1140,0,657,2,1726
10/17/2023 4:00,1031,0,612,0,1575
10/18/2023 4:00,688,0,304,0,954
10/19/2023 4:00,1456,0,770,0,2113
10/20/2023 4:00,1095,0,645,0,1691
10/21/2023 4:00,1544,0,684,2,2141
10/22/2023 4:00,2548,0,1735,40,3846
10/23/2023 4:00,1747,0,1342,5,2899
10/24/2023 4:00,1183,0,777,2,1865
10/25/2023 4:00,1098,0,632,3,1653
10/26/2023 4:00,910,0,433,1,1304
10/27/2023 4:00,771,0,432,1,1165
10/28/2023 4:00,975,0,418,0,1339
10/29/2023 4:00,1632,0,937,3,2450
10/30/2023 4:00,1124,0,506,1,1561
10/31/2023 4:00,1364,0,549,0,1863
11/1/2023 4:00,1667,0,805,2,2359
11/2/2023 4:00,1760,0,1078,2,2707
11/3/2023 4:00,1405,0,1048,4,2315
11/4/2023 4:00,1286,0,602,1,1809
11/5/2023 4:00,1588,0,1123,2,2594
11/6/2023 5:00,1682,0,923,1,2457
11/7/2023 5:00,1710,0,976,3,2510
11/8/2023 5:00,2237,0,910,3,2957
11/9/2023 5:00,1535,0,817,1,2233
11/10/2023 5:00,1974,0,1119,1,2903
11/11/2023 5:00,1608,0,834,0,2344
11/12/2023 5:00,1442,0,1293,3,2602
11/13/2023 5:00,1160,0,752,2,1817
11/14/2023 5:00,1324,0,1058,0,2250
11/15/2023 5:00,1275,0,586,1,1761
11/16/2023 5:00,1262,0,666,36,1833
11/17/2023 5:00,1206,0,1555,3,2624
11/18/2023 5:00,1457,0,1073,4,2418
11/19/2023 5:00,1368,0,850,2,2152
11/20/2023 5:00,1255,0,679,2,1872
11/21/2023 5:00,1423,0,627,1,1953
11/22/2023 5:00,826,0,812,1,1579
11/23/2023 5:00,1071,0,551,2,1568
11/24/2023 5:00,1295,0,596,1,1837
11/25/2023 5:00,1518,0,931,3,2337
11/26/2023 5:00,1879,0,663,4,2452
11/27/2023 5:00,1458,0,550,2,1938
11/28/2023 5:00,1169,0,516,2,1642
11/29/2023 5:00,953,0,376,1,1282
11/30/2023 5:00,1031,0,370,4,1367
12/1/2023 5:00,674,0,419,2,1057
12/2/2023 5:00,589,0,233,0,802
12/3/2023 5:00,948,0,602,3,1487
12/4/2023 5:00,1355,0,695,4,1970
12/5/2023 5:00,1744,0,674,4,2316
12/6/2023 5:00,1508,0,736,1,2117
12/7/2023 5:00,688,0,406,0,1051
12/8/2023 5:00,703,0,1023,4,1666
12/9/2023 5:00,647,0,362,2,986
12/10/2023 5:00,1210,0,568,22,1691
12/11/2023 5:00,1109,0,535,2,1572
12/12/2023 5:00,839,0,339,0,1146
12/13/2023 5:00,1035,0,527,2,1509
12/14/2023 5:00,1106,0,772,6,1801
12/15/2023 5:00,1115,0,559,1,1622
12/16/2023 5:00,1078,0,488,1,1516
12/17/2023 5:00,1000,0,584,1,1547
12/18/2023 5:00,809,0,437,1,1204
12/19/2023 5:00,642,0,343,1,958
12/20/2023 5:00,591,0,191,4,765
12/21/2023 5:00,590,0,551,0,1094
12/22/2023 5:00,432,0,327,0,741
12/23/2023 5:00,622,0,473,1,1043
12/24/2023 5:00,714,0,532,2,1199
12/25/2023 5:00,588,0,404,1,955
12/26/2023 5:00,707,0,567,2,1228
12/27/2023 5:00,1005,0,600,1,1529
12/28/2023 5:00,847,0,326,0,1139
12/29/2023 5:00,927,0,802,4,1663
12/30/2023 5:00,1365,0,860,4,2091
12/31/2023 5:00,1408,0,767,1,2036
1/1/2024 5:00,1707,0,1148,2,2655
1/2/2024 5:00,1184,0,994,2,2062
1/3/2024 5:00,707,0,642,0,1295
1/4/2024 5:00,518,0,433,0,906
1/5/2024 5:00,699,0,766,26,1400
1/6/2024 5:00,1255,0,1327,8,2397
1/7/2024 5:00,1695,0,960,2,2463
1/8/2024 5:00,915,0,418,1,1272
1/9/2024 5:00,623,0,368,0,956
1/10/2024 5:00,647,0,339,0,951
1/11/2024 5:00,553,0,235,1,772
1/12/2024 5:00,559,0,232,0,765
1/13/2024 5:00,684,0,298,1,962
1/14/2024 5:00,960,0,502,0,1413
1/15/2024 5:00,1044,0,558,4,1496
1/16/2024 5:00,738,0,479,4,1165
1/17/2024 5:00,686,0,343,0,985
1/18/2024 5:00,565,0,303,0,833
1/19/2024 5:00,726,0,513,4,1208
1/20/2024 5:00,884,0,478,2,1330
1/21/2024 5:00,1057,0,1115,17,2051
1/22/2024 5:00,1222,0,755,3,1870
1/23/2024 5:00,2321,0,1047,5,3169
1/24/2024 5:00,1161,0,638,2,1701
1/25/2024 5:00,1046,0,867,3,1828
1/26/2024 5:00,874,0,510,0,1332
1/27/2024 5:00,575,0,273,0,824
1/28/2024 5:00,801,0,425,2,1182
1/29/2024 5:00,923,0,478,2,1340
1/30/2024 5:00,1099,0,381,0,1424
1/31/2024 5:00,859,0,299,0,1110
2/1/2024 5:00,877,0,367,0,1197
2/2/2024 5:00,673,0,349,0,985
2/3/2024 5:00,1051,0,765,35,1739
2/4/2024 5:00,1143,0,694,2,1755
2/5/2024 5:00,1029,0,401,2,1372
2/6/2024 5:00,985,0,388,0,1321
2/7/2024 5:00,1536,0,455,1,1901
2/8/2024 5:00,1501,0,542,0,1945
2/9/2024 5:00,1157,0,434,2,1540
2/10/2024 5:00,1173,0,341,2,1466
2/11/2024 5:00,1190,0,429,3,1559
2/12/2024 5:00,1127,0,578,2,1620
2/13/2024 5:00,815,0,370,3,1148
2/14/2024 5:00,912,0,414,1,1277
2/15/2024 5:00,1390,0,849,1,2127
2/16/2024 5:00,871,0,342,2,1172
2/17/2024 5:00,1544,0,745,1,2169
2/18/2024 5:00,1268,0,673,1,1840
2/19/2024 5:00,802,0,279,1,1026
2/20/2024 5:00,1256,0,588,1,1752
2/21/2024 5:00,1408,0,894,2,2178
2/22/2024 5:00,1865,0,807,1,2539
2/23/2024 5:00,1894,0,1042,2,2754
2/24/2024 5:00,1656,0,578,19,2135
2/25/2024 5:00,1995,0,1001,1,2764
2/26/2024 5:00,1632,0,465,1,2000
2/27/2024 5:00,2014,0,561,2,2439
2/28/2024 5:00,2351,0,773,1,2914
2/29/2024 5:00,1657,0,469,0,2019
3/1/2024 5:00,1997,0,945,3,2795
3/2/2024 5:00,1614,0,314,0,1857
3/3/2024 5:00,2368,0,529,12,2755
3/4/2024 5:00,2756,0,532,1,3127
3/5/2024 5:00,2176,0,704,3,2723
3/6/2024 5:00,1695,0,402,0,2014
3/7/2024 5:00,1629,0,472,1,2024
3/8/2024 5:00,1024,0,330,0,1320
3/9/2024 5:00,903,0,140,0,1021
3/10/2024 5:00,982,0,159,1,1130
3/11/2024 4:00,1088,0,292,0,1335
3/12/2024 4:00,1930,0,393,2,2238
3/13/2024 4:00,1598,0,440,1,1938
3/14/2024 4:00,1674,0,300,3,1928
3/15/2024 4:00,2171,0,126,11,2271
3/16/2024 4:00,1635,0,318,1,1916
3/17/2024 4:00,1300,0,722,5,1900
3/18/2024 4:00,830,0,235,2,1044
3/19/2024 4:00,966,0,535,2,1462
3/20/2024 4:00,845,0,307,0,1111
3/21/2024 4:00,1202,0,262,0,1428
3/22/2024 4:00,2311,0,1572,6,3230
3/23/2024 4:00,1501,0,619,1,2017
3/24/2024 4:00,469,0,126,0,579
